"location_name","latitude","longitude","category","details"
"Jardins del Palau de Pedralbes",41.3865493743482,2.11843529891926,"Informació d'interès","https://link.bcn.cat/cEjdPdP"
"Museu Etnològic i de Cultures del Món *Parc Montjuïc",41.3690936606092,2.15600132872035,"Informació d'interès","museuetnologic@bcn.cat"
"Casal Catòlic de Sant Andreu - Àntic Casino ""El Progrés""",41.4355270015244,2.18643994803238,"Informació d'interès","casalcatolicsantandreu@gmail.com"
"Casa Calvet",41.3909680071025,2.17301442238012,"Variables","Antoni Gaudí i Cornet"
"Escultura Colles Sant Medir",41.4034993276018,2.15241583629502,"Telèfons","932373638"
"Institut del Teatre",41.370679448981,2.15744931407101,"Informació d'interès","i.teatre@institutdelteatre.cat"
"Centre Educatiu Vedruna Gràcia Barcelona",41.40471777195,2.1514157930825,"Informació d'interès","vedrunagracia@vedruna.cat"
"Museu Egipci de Barcelona",41.3936575652061,2.16475416059524,"Informació d'interès","info@museuegipci.com"
"Facultat de Comunicació i Relacions Internacionals Blanquerna - URL",41.3835376476421,2.16627279341052,"Informació d'interès","infofcri@blanquerna.edu"
"Casa Muntadas",41.4152657201742,2.13321475460019,"",""
"Platja de Sant Sebastià",41.3737065135344,2.18967920062507,"Informació d'interès","http://barcelona.cat/ca/que-pots-fer-a-bcn/banys-i-platges/platja-de-sant-sebastia"
"Museu Marítim de Barcelona",41.3759814005448,2.17605920980032,"Informació d'interès","informacio@mmb.cat"
"Platja de la Nova Icària",41.3907647430068,2.20288388907506,"Informació d'interès","https://book.timify.com/services?accountId=648c2d9b5f01dd79c87cfd0d&hideCloseButton=true"
"Círculo Ecuestre",41.3957639404643,2.15401117813457,"Informació d'interès","administracion@circuloecuestre.es"
"Parc de la Trinitat",41.4492688252193,2.19565487539155,"Informació d'interès","https://link.bcn.cat/cPdlt"
"Centre Cívic Torre Llobeta",41.4269315096503,2.17396625059385,"Informació d'interès","info.cctorrellobeta@esport3.org"
"Institut Nacional d'Educació Física de Catalunya *Barcelona",41.3653746291262,2.14691328555654,"Informació d'interès","info@inefc.cat"
"Cementiri Sant Gervasi",41.4111553532629,2.12662521114121,"Informació d'interès","cbsa@cbsa.cat"
"Cementiri d'Horta",41.4404241840174,2.15606605758967,"Informació d'interès","cbsa@cbsa.cat"
"Parròquia rural de Santa Maria de Vallvidrera",41.4190379068877,2.09863662128513,"Informació d'interès","http://www.parcnaturalcollserola.cat/es/pages/santa-maria-de-vallvidrera"
"La Plaça del Setge de 1714",41.3742315617575,2.16104056183434,"",""
"Torre de Sant Jordi",41.4138655070945,2.14553884008405,"Variables","Salvador Vilarí i Pupurull"
"Villa Conchita o Casa dels Metges",41.4192132149374,2.14848431085003,"",""
"Carrer Sant Gervasi de Cassoles",41.4041776924035,2.13951206918919,"",""
"Gran Teatre del Liceu",41.3801467744164,2.17334672934011,"Informació d'interès","espectador@liceubarcelona.cat"
"Telefèric de Montjuïc",41.3688505653485,2.1630513619867,"Informació d'interès","http://www.telefericdemontjuic.cat/ca"
"Escola Superior d'Administració i Direcció d'Empreses - URL",41.3937413747878,2.11450041725389,"Informació d'interès","esade@esade.edu"
"Ateneu de Fabricació Digital de Les Corts",41.3835542422407,2.13555976874299,"Informació d'interès","afablescorts@bcn.cat"
"Parc de les Rieres d'Horta",41.4310791997466,2.15425943500178,"Informació d'interès","https://link.bcn.cat/cPdlRd"
"Edifici Torre Telefònica - Diagonal Zero Zero",41.4121702242453,2.22124844845054,"Variables","Enric Massip - Bosch"
"Pèrgola Fotovoltaica al Parc del Fòrum",41.4115057191554,2.2281237482571,"Informació d'interès","https://www.energia.barcelona/ca/generar-energia/lajuntament-genera/mapa-de-generacio-denergia-edificis-municipals"
"MUHBA Museu d'Història de Barcelona - Oliva Artés",41.4083072163263,2.20110673323904,"Informació d'interès","reservesmuhba@eicub.net"
"Espai Subirachs - Poblenou",41.404152690531,2.19989395569849,"Informació d'interès","https://casessingulars.com/ca/las-casas/espai-subirachs/"
"Fàbrica de Creació Ateneu Popular 9 Barris",41.4487731019265,2.18041024667944,"Informació d'interès","info@ateneu9b.net"
"Plaça de la Mercè",41.379398785228,2.17956176359347,"Variables","No"
"Parròquia de Sant Medir",41.3698416025511,2.1377566200682,"Informació d'interès","info@parroquiasantmedir.cat"
"Club Natació Sant Andreu",41.4300504712946,2.1863133364594,"Informació d'interès","https://www.cnsantandreu.com/"
"Parc de Can Rigal",41.3793281924135,2.10773905678673,"Informació d'interès","https://link.bcn.cat/cPdCR"
"La Rambla del Raval",41.3788856275623,2.1691786660709,"Variables","https://www.bcn.cat/cultura/merce/M24%20-%20Planols%20-%20RAMBLA%20DEL%20RAVAL.pdf"
"Xemeneia de Can Galta Cremat",41.4406358774735,2.18771536123458,"",""
"Les Carasses",41.4413614205769,2.19108124031925,"",""
"Ca l'Artés",41.4306058710236,2.17270371165444,"",""
"Plaça Eivissa",41.4302199861765,2.16098283685005,"",""
"Jardins d'Elvira Farreras Valentí",41.4074649473263,2.14303480627863,"Informació d'interès","http://www.bcn.cat/mediambient"
"Masia Torre Rodona - Can Vinyals de la Torre",41.3859328081991,2.12394393617007,"",""
"Jardins de Mossèn Costa i Llobera",41.3696150558756,2.17232416934953,"Informació d'interès","https://link.bcn.cat/cJdMCiL"
"Restaurant Dos Torres",41.3979553897743,2.12870495265244,"Informació d'interès","info@restaurantedestorres.com"
"Casa Josep Castelló",41.4092252209933,2.15832540555228,"Variables","Josep Masdeu Puigdemasa"
"Casa Martí Trias i Domènech",41.4135092487224,2.15312719638766,"",""
"Casa Rosa Alemany",41.4073773110089,2.14863345725769,"",""
"Casa Serès",41.4040397075499,2.15662860271414,"Variables","Lluís de Miquel i Roca"
"Conjunt de Cases al Carrer Francisco Giner",41.3989297133476,2.15947089977863,"",""
"Cases Manuel Raventós",41.4013942365391,2.15203322023042,"Variables","Domènec Boada i Piera"
"Edifici J. Artigas",41.3998599096817,2.15916545674578,"",""
"Palau de la Premsa",41.3724838833265,2.1538979761055,"Variables","Pere Domènech i Roura"
"La Plaça del Sortidor",41.3726087641263,2.1621656959359,"",""
"Conjunt de Torretes al carrer Verdi",41.4074617946457,2.15335404254184,"",""
"El Canal de la Infanta",41.3543960168532,2.14901207455312,"",""
"Bodega Josefa",41.4043235433887,2.14593639303103,"Telèfons","932188545"
"Palau Macaya",41.3998749969239,2.16943219323842,"",""
"Santa Església Catedral Basílica de Barcelona",41.3842965708111,2.17617513140065,"Informació d'interès","info@catedralbcn.org"
"Cooperativa Obrera Popular Segle XX",41.3816466347241,2.18915326784003,"",""
"La Maquinista Terrestre i Marítima",41.3816428523886,2.19071687106526,"",""
"Unió de Cooperatives per a la Fabricació de Pastes per a Sopa",41.3786757031737,2.16810690966837,"",""
"Casa Sarriera",41.3824079458096,2.1786306362721,"",""
"El Portal de l'Àngel",41.3858785987271,2.17284415159449,"",""
"Casa Vidal",41.4353551345953,2.18944004508553,"Variables","Joan Torras i Guardiola"
"Can Mazantini",41.4331425768684,2.18465008560728,"",""
"El camí de Finestrelles, i el mirador",41.3871664532371,2.10130802756948,"",""
"El passeig de Sant Gervasi",41.407149947097,2.13385554880542,"",""
"El Submarí de la Ronda",41.4131485289955,2.13051943579747,"",""
"Cooperativa La Confiança Andreuenca",41.4355556463307,2.18531362443333,"",""
"Cooperativa La Flor de Maig - sucursal núm. 7",41.4241145115117,2.19031090785093,"",""
"Museu d'Autòmats del Tibidabo",41.4216092122746,2.11873414122891,"Telèfons","932117942"
"Centre Cívic Can Basté",41.4304874584176,2.1732334371808,"Informació d'interès","info@canbaste.com"
"Club Tennis Barcino",41.408296058653,2.13841135370173,"Informació d'interès","ctbarcino@ctbarcino.cat"
"Castell de Torre Baró",41.4507918950323,2.17613051657214,"Informació d'interès","castell_torrebaro@bcn.cat"
"La Sardineta. Grup d'Ecoconsum de la Barceloneta",41.3816285808535,2.19051401380608,"Informació d'interès","gruplasardineta@gmail.com"
"La plaça de Pedralbes",41.3957291510076,2.11421806224928,"",""
"La Torre Blanca",41.3894674979232,2.11876260601679,"",""
"Pilar d'Aigua de Sant Andreu",41.4303599257898,2.18527068284357,"",""
"La Plaça de les Havaneres",41.4212540467289,2.18267792242134,"",""
"'La Masia' del Barça",41.3816427555646,2.12154896784714,"",""
"""Vivendes"" del Congrés Eucarístic",41.425833062669,2.18153667579466,"",""
"Palau Montaner",41.3956004405955,2.16506374232278,"",""
"Colònia Busquets",41.4136955778143,2.1045029557116,"",""
"Fàbrica Sanchís",41.4349738428311,2.20538844053397,"",""
"Torre d'Aigües de Carrasco i Formiguera",41.4012742355623,2.12285249125038,"",""
"Torre del Doctor Andreu",41.4118506437344,2.13569501064485,"Variables","Enric Sagnier i Villavecchia"
"Colònia Castells",41.3875484703472,2.13924559220963,"",""
"La plaça de Comas",41.3856440682238,2.12977225139887,"",""
"La plaça de la Bonanova",41.4063815082627,2.13417851476007,"",""
"La plaça del Doctor Andreu",41.4163040210523,2.13141662346169,"",""
"Places de Joaquim Folguera i Frederic Soler",41.4054292457236,2.13891665594149,"",""
"El Conjunt Residencial de Les Escales Park",41.3920478358793,2.11538865417828,"",""
"El passatge de Tubella",41.3837238332105,2.13592775511739,"",""
"Colònia Carné",41.3768223103801,2.11705836774289,"",""
"Centre Municipal de Vela",41.3884210404344,2.20169686492178,"Informació d'interès","info@velabarcelona.com"
"Associació Eix Comercial de Sant Andreu",41.4351988564254,2.18890388341691,"Informació d'interès","info@eixsantandreu.com"
"Antiga Subcentral Elèctrica de la Barceloneta",41.3794973513873,2.19000751525468,"",""
"Reials Drassanes de Barcelona",41.3759817568023,2.17605738763816,"Telèfons","933429920"
"L'Hortet del Forat",41.3874487826944,2.17976333255401,"",""
"El Pla de Palau",41.3828971293322,2.18252489968902,"",""
"Masia Can Valent",41.435536333909,2.17975400193275,"",""
"Parròquia de Santa Maria del Mar - Basílica",41.38378222101,2.18222494988088,"Informació d'interès","parroquia@santamariadelmarbarcelona.org"
"Casa Planells",41.4005940299752,2.17462525765843,"",""
"La plaça de la Reina Maria Cristina",41.3886424033482,2.12669819073433,"",""
"La plaça de Ramon M. Roca i Sastre",41.3857190713087,2.11877276214829,"Variables","2012"
"Pilar d'Aigua de la Sagrera",41.4220738556162,2.19088583318744,"",""
"La Plaça del Rom Cremat",41.4221541680437,2.18298303748851,"",""
"La Plaça del Mercadal",41.434988084097,2.18871797605646,"",""
"L'Espai de la Torre Melina i el seu Jardí Romàntic",41.3817302293593,2.10859008963375,"",""
"Habitatge Classicista Providència 79",41.4081933110393,2.15938662342081,"Variables","Bonaventura Bassegoda i Musté"
"Torre del Rellotge",41.3743244009519,2.13670366149166,"",""
"Mirador Joan Sales i Vallès",41.4163742153698,2.1527992672204,"",""
"Mercat de les Flors Centre de les Arts de Moviment",41.3705382640695,2.15727188357092,"Informació d'interès","info@mercatflors.cat"
"Finca Sansalvador",41.4189449745675,2.14835884317467,"Informació d'interès","http://tallerhistoriagracia.blogspot.com/"
"Memorial en Record de les Víctimes de Trànsit",41.3946026782126,2.20675449785976,"",""
"Parròquia de Sant Gregori Taumaturg",41.3942219932378,2.13841365807615,"Informació d'interès","santgregori94@arqbcn.org"
"Casa Batlló",41.3917352225364,2.1649640719737,"Informació d'interès","info@casabatllo.cat"
"Facultat de Psicologia i Ciències de l'Educació i de l'Esport Blanquerna - URL",41.4119142092964,2.13332792932144,"Informació d'interès","sioefpcee@blanquerna.url.edu"
"Estació d'Autobusos Barcelona Nord",41.3943257192984,2.18233815466927,"Informació d'interès","bcnnord@bsmsa.cat"
"Associació del Passeig de Gràcia",41.3930527339413,2.16133436920863,"Informació d'interès","info@barcelonapaseodegracia.com"
"Escultura Fray Pedro Ponce de León",41.4044035266518,2.16300824947844,"Variables","Josep Miret Llopart"
"Fundació Joan Brossa",41.3852206796243,2.18236732772422,"Informació d'interès","fundacio@fundaciojoanbrossa.cat"
"Museu de Carruatges del Foment",41.4338684049458,2.14980272849018,"Telèfons","934275813"
"Parròquia de la Santíssima Trinitat",41.4503165385026,2.19047998713471,"Informació d'interès","la.trinitat@gmail.com"
"Obelisc del Cinc d'Oros",41.3965172378855,2.15951219874682,"",""
"Escola Superior de Disseny IED Barcelona",41.4054205892841,2.15498097174032,"Informació d'interès","contact@bcn.ied.es"
"Centre Comercial Maremàgnum",41.3757618953545,2.18323133356872,"Informació d'interès","maremagnum@maremagnum.es"
"Restaurant El Asador de Aranda *Av Tibidabo",41.4134924546294,2.13448022095673,"Informació d'interès","asador@asadoraranda.com"
"Seu del Districte de Sarrià-Sant Gervasi",41.3991297658492,2.12141230285836,"Informació d'interès","http://ajuntament.barcelona.cat/sarria-santgervasi"
"Seu del Districte de Nou Barris",41.4368445525108,2.17122962463197,"Informació d'interès","http://ajuntament.barcelona.cat/noubarris"
"Castell dels Tres Dragons",41.3881118288281,2.1833851582205,"Informació d'interès","https://museuciencies.cat/el-nat/les-seus/castell-dels-tres-dragons"
"Edifici Patronat Ribas",41.4229292185099,2.14108669434875,"Variables","Enric Sagnier i Villavecchia"
"Hotel Melia Barcelona Sky - HB-004358",41.4062881901789,2.20063479775436,"Informació d'interès","melia.sky@melia.com"
"Escultura David i Goliat Homenatge a les Brigades Internacionals",41.4248731521239,2.15770356188527,"Informació d'interès","http://www.bcn.cat/artpublic"
"OikoCrèdit Catalunya",41.3920418528629,2.1740702334657,"Informació d'interès","catalunya@oikocredit.org"
"Seu del Districte de Sant Andreu",41.4360280511132,2.19060733829874,"Informació d'interès","http://ajuntament.barcelona.cat/santandreu"
"Casa Comalat",41.3970833034653,2.16072203470246,"Telèfons","-"
"Parc del Clot",41.4084722800392,2.19001536656667,"Informació d'interès","https://link.bcn.cat/cPdC2"
"Centre Comercial Arenas de Barcelona",41.3760383384412,2.14997529595392,"Informació d'interès","arenas.informacion@arenasdebarcelona.com"
"Centre Educatiu Monlau Sagrera",41.4229975290701,2.19060074223175,"Informació d'interès","info@monlau.com"
"Espai Gaudí: Pis, Golfes i Terrat",41.3953475900293,2.16206107908802,"Informació d'interès","info@lapedrera.com"
"Antiga Fàbrica Can Batlló",41.3682167238664,2.13750278498328,"Informació d'interès","activitats@canbatllo.org"
"Spotify Camp Nou * Tancat per remodelació",41.3808069512322,2.12287649266058,"Informació d'interès","http://www.fcbarcelona.cat/camp-nou"
"Cases Francesc Farreras",41.3825550321099,2.15955176755971,"Variables","Antoni Millàs i Figuerola"
"Casa Pomar",41.3956396176568,2.17028144090239,"Variables","Joan Rubió i Bellvé"
"Casa Queraltó",41.3930563337055,2.16106156986941,"",""
"Casa Jaume Forn",41.3952881795556,2.16655068668994,"Variables","Jeroni F. Granell i Manresa"
"Casa Santurce",41.395601417637,2.16696561544264,"Variables","Miquel Madorell i Rius"
"Casa Granell *Balmes",41.3901491965707,2.16138976532463,"Variables","Gerónimo F. Granell i Barrera"
"Casa Vallet i Xiró",41.3969898904062,2.16690823107933,"Variables","Josep M. Barenys i Gambús"
"El carrer de Canet",41.3986992544435,2.1234442569006,"",""
"El Clot",41.4078457828389,2.18846919319047,"Informació d'interès","http://lameva.barcelona.cat/santmarti/ca/home/el-barri-del-clot"
"El nucli de Santa Eulàlia de Vilapicina",41.4310559712971,2.17312754388469,"Informació d'interès","http://lameva.barcelona.cat/noubarris/ca/home/el-barri-de-vilapicina-i-la-torre-llobeta"
"Can Peguera",41.4342846702799,2.16456333073766,"Informació d'interès","http://lameva.barcelona.cat/noubarris/ca/home/el-barri-de-can-peguera"
"Casa Lamadrid",41.3969469170584,2.16818070525558,"",""
"Federació Eix Comercial Sants-Les Corts",41.3797546764953,2.13449566408305,"Informació d'interès","eix@eixsantslescorts.com"
"Casal de Barri Can Portabella",41.4291308751184,2.19393670052547,"Informació d'interès","informacio@canportabella.cat"
"Centre Cívic  Vil·la Urània",41.4014491196588,2.14981684179313,"Informació d'interès","informacio@vilaurania.net"
"Antiga Biblioteca Infantil del GATCPAC",41.4324070497557,2.18628545120065,"",""
"Cases Barates del Bon Pastor",41.4378336609643,2.2061921540354,"",""
"Rambla de Fabra i Puig",41.430358999262,2.18452716331062,"",""
"Carrer Aiguafreda",41.4267322115459,2.15945524331145,"",""
"Cases modernistes del carrer de Sants",41.3754703460363,2.132703204874,"",""
"Moll de la Fusta",41.3790365678879,2.18183296057175,"Informació d'interès","info@portvellbcn.com"
"Jardinets de Salvador Espriu",41.3973820580512,2.1590020396049,"Telèfons","010"
"L'Aquàrium de Barcelona - Aspro Parks",41.3768053690601,2.1843840154597,"Informació d'interès","info@aquariumbcn.com"
"Ronda de Sant Antoni",41.379180809726,2.16296621967117,"",""
"La plaça de Sant Gaietà",41.4002764107302,2.12026472672875,"",""
"Plaça del Sol",41.4016217882469,2.15667389982264,"",""
"El carrer de Campoamor",41.4329149330018,2.15821249232338,"",""
"Casa de la Marina",41.3780093113795,2.18844896053909,"Variables","Coderch i Valls"
"La carretera de les Aigües (sector Horta-Guinardó)",41.4214548020741,2.13151826151939,"",""
"L'Aqüeducte del Parc Central de Nou Barris",41.4368445525108,2.17122962463197,"",""
"Herboristeria del Rei",41.3807075567435,2.17503443657432,"Informació d'interès","herboristeriadelrei@gmail.com"
"Casa Anoll",41.4004422786954,2.16106631642629,"",""
"Casa Barangé",41.4133990239297,2.14446010681444,"Variables","Ricardo Churruca Dotres"
"El Rec Comtal",41.4647866252926,2.18574271657845,"",""
"El Tibidabo",41.4189133351212,2.12330335398133,"",""
"L'Aqüeducte de Ciutat Meridiana",41.4595430054308,2.17506651714889,"Informació d'interès","http://www.noubarris.net/relligantnb/?p=214"
"El barri del Bon Pastor",41.435478964503,2.20458788012166,"Informació d'interès","http://lameva.barcelona.cat/santandreu/ca/home/el-barri-del-bon-pastor"
"El Campus de Comunicació",41.4036755435674,2.19353491624882,"Informació d'interès","http://www.upf.edu/campus/comunicacio/"
"Monument a Cristòfol Colom",41.3759817568023,2.17605738763816,"Informació d'interès","https://www.barcelonaturisme.com/wv3/ca/page/457/mirador-de-colom.html?"
"Escultura Josep Anselm Clavé",41.4040906342452,2.16386638541944,"",""
"Casa Estapé",41.3919270967391,2.17996609510502,"Variables","Bernardí Martorell i Puig"
"Cases Rocamora",41.3889189931089,2.16949071826682,"Variables","Joaquim i Bonaventura Bassegoda i Amigó"
"Casa Malagrida",41.3907079692433,2.16623311365707,"Variables","Joaquim Codina i Matalí"
"Forn de la Concepció",41.3953024422244,2.17072858132926,"Variables","Josep Suñer"
"Masia la Petita Maria",41.3759645165965,2.13740355008513,"",""
"Parròquia de Sant Ramon Nonat",41.3760371994738,2.11709281902244,"Informació d'interès","santramon171@arqbcn.cat"
"Casernes d'Artilleria  de Sant Andreu",41.443957934803,2.19050806677001,"",""
"L'Estació dels FGC de Sarrià",41.3982910626362,2.12500932753963,"",""
"Mercat Barceloneta",41.3802461680082,2.18928120267198,"Informació d'interès","https://www.facebook.com/mercatbarceloneta"
"Mercat Ninot",41.387857165677,2.15441223440475,"Informació d'interès","http://www.ulabox.com"
"Centre Penitenciari Obert 2  - Presó de Dones de la Trinitat",41.4535285232939,2.19146329908172,"Telèfons","932742568"
"Sant Pau Recinte Modernista",41.4124164712358,2.17576004818951,"Informació d'interès","visites@fundaciosantpau.cat"
"Palau del Baró de Quadras",41.3967758171254,2.16133960018685,"Informació d'interès","casessingulars@casessingulars.com (reserves per a grups)"
"Torre de Santa Caterina",41.3949873477471,2.10592774296331,"",""
"La Previsió Obrera",41.4353636689608,2.19084937548682,"",""
"Refugi Antiaeri de la Sagrera",41.4237364087564,2.19195196158424,"",""
"Torre Castanyer",41.4078488716108,2.13422490724542,"",""
"El passatge de Xile",41.3768917243696,2.11631481978408,"Variables","Modest Feu i Estrada"
"Els Jardins d'Eusebi Güell",41.3904475823429,2.11440640640408,"",""
"Parc d'Atraccions del Tibidabo",41.421618435531,2.11874028563682,"Informació d'interès","comercial@tibidabo.cat"
"Farmàcia Clapés Viñas",41.4338106079675,2.1892905825595,"Informació d'interès","https://www.farmaguia.net/desktop/"
"Bar Musical London Bar",41.3781493333381,2.17318039717377,"Telèfons","938082187"
"El Born i la Ribera",41.3848551019578,2.18301573010468,"Informació d'interès","http://lameva.barcelona.cat/ciutatvella/ca/home/el-barri-de-sant-pere-santa-caterina-i-la-ribera"
"La Barceloneta",41.3795686088471,2.18911736048165,"Informació d'interès","http://lameva.barcelona.cat/ciutatvella/ca/home/el-barri-de-la-barceloneta"
"Carrer Menéndez Pelayo",41.3837080227835,2.12029538339524,"Variables","https://www.bcn.cat/cultura/merce/M24%20-%20Planols%20-%20CARRER%20DE%20MENENDEZ%20Y%20PELAYO.pdf"
"Teatro de los Sentidos",41.3642597836788,2.14323334328746,"Informació d'interès","info@teatrodelossentidos.com"
"Zoo de Barcelona",41.3861536735834,2.18718701380818,"Informació d'interès","zoobarcelona@bsmsa.cat"
"Jardins del Mirador de l'Alcalde",41.3669345802085,2.16919026786525,"Informació d'interès","https://link.bcn.cat/cJdMdl"
"Casa Muley-Afid",41.4038644949667,2.12867475511395,"",""
"Parc Central de Nou Barris",41.4368445525108,2.17122962463197,"Informació d'interès","https://link.bcn.cat/cEpCdNB"
"Club Esportiu Europa",41.4120436129141,2.16041947275465,"Informació d'interès","administracio@ceeuropa.cat"
"Teatre Lliure",41.3706794490685,2.15744932602723,"Informació d'interès","teatrelliure@teatrelliure.com"
"Teatre Coliseum",41.3881969692023,2.16617937967889,"Informació d'interès","info@grupbalana.com"
"Fundació Privada Centre de Producció Artística i Cultural Palo Alto",41.4045375441671,2.21026141448082,"Informació d'interès","comunicacio@paloalto.barcelona"
"Hort Urbà Masia Can Soler",41.4250285685859,2.13070238572817,"Informació d'interès","http://www.barcelona.cat/hortsurbans"
"Antiga Fàbrica Estrella Damm",41.4091282096959,2.17818048421816,"Informació d'interès","http://www.damm.es"
"Universitat Internacional de Catalunya",41.4060332606546,2.12323196008989,"Informació d'interès","info@uic.es"
"Biblioteca Clarà",41.3999404489945,2.12947380213933,"Informació d'interès","b.barcelona.cl@diba.cat"
"Biblioteca Vapor Vell",41.3769285966665,2.13475178884647,"Informació d'interès","b.barcelona.vv@diba.cat"
"Associació de Botiguers i Professionals Eix Maragall",41.421977079277,2.17847025056892,"Informació d'interès","info@eixmaragall.com"
"Pavellons d'Entrada de l'Antiga Finca Güell",41.3884905879756,2.12085929913054,"Telèfons","933177652"
"Plaça dels Àngels",41.3830119172943,2.1678110837806,"",""
"Avenç Obrer Català de Sant Andreu",41.4362444685999,2.1909591589264,"",""
"Carrer Pons i Gallarza",41.4355421004354,2.18686952239411,"",""
"Carrer Puerto Príncipe",41.4226086284183,2.18126026056665,"",""
"La Plaça Santa Madrona",41.373469043261,2.15631442493583,"",""
"Can Mora",41.4179097337481,2.15104284596,"",""
"Can Muntaner de Dalt",41.4135092487224,2.15312719638766,"",""
"La Diagonal",41.3879385210083,2.12571394410676,"",""
"Refugi Antiaeri de La Lira",41.43277350201,2.18816548628432,"",""
"Refugi Antiaeri 977 (Matanzas / Pinar del Río)",41.4224340897082,2.18205761439257,"",""
"Capella dels Segadors",41.4362987962297,2.19149017702365,"",""
"Mercat Horta",41.4292185767691,2.15730966286014,"Informació d'interès","info@mercathorta.com"
"Forn de Pa de Can Tur",41.432017934835,2.19334839411782,"Telèfons","933467551"
"Memorial de les Dones Represaliades a la Presó de Dones de les Corts",41.3871532399397,2.12923977381756,"Variables","14122019"
"Fàbrica de Creació Hangar",41.408601288709,2.1993792756338,"Informació d'interès","info@hangar.org"
"Centre Educatiu Jesús i Maria *Passeig Sant Gervasi",41.4096267626075,2.1321227367298,"Informació d'interès","secretaria@jmsanger.com"
"El Paral·lel",41.3752209850926,2.15585932969235,"",""
"Platja del Bogatell",41.3946026782126,2.20675449785976,"Informació d'interès","http://barcelona.cat/ca/que-pots-fer-a-bcn/banys-i-platges/platja-de-bogatell"
"Edifici La Maternitat",41.3854761432276,2.12669075919704,"",""
"Centre Esportiu Municipal Piscines Bernat Picornell",41.366329232067,2.15079345022363,"Informació d'interès","info@picornell.cat"
"Espai Mescladís",41.3870953198329,2.18035074738452,"Informació d'interès","info@mescladis.org"
"Casa Fargas",41.3904080875958,2.16414899097387,"Variables","Enric Sagnier i Villavecchia"
"Cases Josefa Villanueva",41.3948963593913,2.1667524516647,"Variables","Juli Mª Fossas i Martínez"
"Cristalleries Planell",41.3874362431386,2.13190391780722,"Informació d'interès","cristalleriesplanell@bcn.cat"
"Jardins del  Baix Guinardó",41.4097785072361,2.16865842154233,"Informació d'interès","https://link.bcn.cat/cJdPdG"
"Centre de Cultura Popular La Violeta de Gràcia",41.4010309942708,2.15621458988604,"Informació d'interès","administracio@lavioleta.cat"
"Casa Bartomeu",41.3963112533914,2.10725702591476,"Informació d'interès","http://www.jardidelstarongers.org"
"Antiga Estació de Rodalies Sant Andreu Comtal de RENFE",41.4359433527156,2.19248956766622,"",""
"El passatge d'Antoni Gassol",41.412756101208,2.19558389531464,"",""
"Casa Queralt",41.4192717981071,2.14792581028524,"Variables","Josep M. Jujol i Gibert"
"El Túnel de la Rovira",41.4275551084453,2.15755923678155,"Telèfons","608655342"
"Can Culleretes",41.3812414824183,2.174429245521,"",""
"Torre de Collserola",41.4158634160436,2.11178595245374,"Telèfons","934069354"
"Parròquia de Sant Pere de les Puel·les",41.3892289205811,2.17924301870927,"Informació d'interès","https://www.parroquiadesantperedelespuelles.org/"
"Museu Reial Monestir de Santa Maria de Pedralbes",41.3956051657599,2.11207508454692,"Informació d'interès","monestirpedralbes@bcn.cat"
"Reial Club de Tennis Barcelona - 1899",41.3936904798174,2.11833191425485,"Informació d'interès","suggeriments@rctb1899.es"
"Centre Cívic Casa del Rellotge",41.3575741532275,2.14140602838902,"Informació d'interès","http://ajuntament.barcelona.cat/ccivics/casadelrellotge"
"Base Nàutica Municipal de la Mar Bella",41.3965353520916,2.20977124005217,"Informació d'interès","info@basenautica.org"
"Hort Urbà Masia Can Mestres *Tancat",41.3597154115992,2.14515740872671,"Informació d'interès","https://www.barcelona.cat/hortsurbans"
"Parc Científic de Barcelona",41.3818457311994,2.11644297483066,"Informació d'interès","info@pcb.ub.cat"
"Hotel Casa Fuster - HB-004219",41.3980159936671,2.15802588469254,"Informació d'interès","reservas@hotelcasafuster.com"
"Refugi Antiaeri de la Plaça del Diamant",41.4039937044012,2.15597235596837,"Telèfons","-"
"Torre Glòries",41.403476293247,2.18981500962847,"Variables","2004"
"Reial Acadèmia de Medicina de Catalunya",41.3815241182145,2.16897497313941,"Informació d'interès","secretaria@ramc.cat"
"Parròquia de Santa Teresa de l'Infant Jesús",41.4005117564284,2.15180858244411,"Informació d'interès","santateresa221@arqbcn.org"
"Parc de Recerca Biomèdica de Barcelona",41.385576323735,2.19401703046174,"Informació d'interès","comunicacio@prbb.org"
"La Plaça Reial",41.3804405532662,2.17497593444507,"Informació d'interès","http://www.barcelonaturisme.com/wv3/ca/page/1248/.html"
"Sant Pere i Santa Caterina",41.3881421570206,2.17857278265361,"Informació d'interès","http://lameva.barcelona.cat/ciutatvella/ca/home/el-barri-de-sant-pere-santa-caterina-i-la-ribera"
"El Gòtic",41.3830655944867,2.17702183915888,"Informació d'interès","http://lameva.barcelona.cat/ciutatvella/ca/home/el-barri-gotic"
"El Poblenou",41.4022744450405,2.19906368825941,"Informació d'interès","http://lameva.barcelona.cat/santmarti/ca/home/el-barri-del-poblenou"
"Sant Andreu",41.4352690210096,2.19004447247319,"Informació d'interès","http://lameva.barcelona.cat/santandreu/ca/home/el-barri-de-sant-andreu-de-palomar"
"El nucli antic d'Horta",41.4299942751308,2.16150229202397,"Informació d'interès","http://lameva.barcelona.cat/horta-guinardo/ca/home/el-barri-dhorta"
"La plaça de Lesseps",41.4077123456571,2.15108673220614,"",""
"TAMAIA Viure Sense Violencia, S.C.C.L.",41.3855052676356,2.17508749798142,"Informació d'interès","comunicacio@tamaia.org"
"El Campus Raval - UB",41.3840771849973,2.16689993419483,"Informació d'interès","https://www.ub.edu/portal/web/geografia-historia/detall/-/detall/25n-al-campus-raval"
"Edifici de La Caixa de Barcelona",41.3984677240543,2.15728033255482,"Variables","August Font Carreras"
"Metro Fontana",41.4026473843574,2.15271341433072,"",""
"La plaça d'en Joanic",41.4053052560529,2.16225197250383,"",""
"Casal d'Entitats Mas Guinardó",41.41816915835,2.17440793932141,"Informació d'interès","cemasguinardo@qsl.cat"
"Casa Rubinat",41.4048770970466,2.15771668035686,"",""
"Casa Tomàs Valls",41.410989814046,2.1560533526022,"",""
"Edifici Modernista Riera de Sant Miquel 44",41.3981582119799,2.15627378447512,"",""
"Jardins de Massana",41.4270418943385,2.17852618283509,"",""
"Àntic Edifici de Catalana de Gas i Electricitat, SA",41.385810987301,2.17303815264042,"Variables","Josep Domènech i Estapà"
"Museu de Pintura Contemporània Can Framis",41.4029442026512,2.1949651108093,"Informació d'interès","canframis@fundaciovilacasas.com"
"Casa del Guarda -  Espai d'Interpretació del Pantà de Vallvidrera",41.415598383774,2.09738454224015,"Informació d'interès","ci@parccollserola.net"
"Floristeria Flora Miserachs",41.4009805110012,2.12109349397744,"Telèfons","932057678"
"Carrer Major de Sarrià",41.3959915589415,2.12515304283209,"",""
"Casa Fornells",41.4137389915824,2.13429894129216,"Variables","Joan Rubió i Bellvé"
"El barri de la Mercè",41.388936898573,2.10552662248142,"",""
"Disseny Hub Barcelona",41.4026011116928,2.18804984610234,"Informació d'interès","dissenyhub@bcn.cat"
"Centre Cultural La Farinera del Clot",41.4048789758389,2.18840476699031,"Informació d'interès","informacio@farinera.org"
"Escola Josep Maria Jujol",41.3982151534187,2.15589754837622,"Informació d'interès","a8042780@xtec.cat"
"Platja de Llevant",41.4050151094687,2.21774147671454,"Informació d'interès","http://www.barcelona.cat/ca/que-pots-fer-a-bcn/banys-i-platges/platja-de-llevant"
"Edifici La Rotonda",41.4105347458556,2.1370219362887,"Variables","Adolf Ruiz i Casamitjana"
"Fundació Suñol",41.3826518104215,2.12641021133791,"Informació d'interès","info@fundaciosunol.org"
"La Rambla",41.3776544520364,2.17649085980406,"Informació d'interès","https://www.barcelona.cat/larambla/ca"
"Centre Municipal de Cultura Popular de Sant Andreu",41.4406847325182,2.18764381654497,"Informació d'interès","cmcpsa@bcn.cat"
"Viaducte de Bellesguard",41.4091653746265,2.12682966758752,"",""
"Hotel W Barcelona - HB-004411 *Edifici Vela",41.3683613054631,2.18999831264777,"Informació d'interès","wbarcelona@whotels.com"
"Hospital Clínic i Provincial",41.3895553983146,2.1521944632422,"Informació d'interès","https://www.clinicbarcelona.org/ca"
"Telefèric de Barcelona",41.373250146274,2.18787571612167,"Informació d'interès","http://www.telefericodebarcelona.com/ca/"
"Edifici de l'Antic Hospital de la Santa Creu",41.3810888194196,2.16981146859032,"Informació d'interès","http://www.barcelonaturisme.com/wv3/ca/page/371/.html"
"Fundació Privada Foto Colectania",41.3876733654223,2.18273688548642,"Informació d'interès","info@fotocolectania.org"
"Fira Barcelona",41.3727179943061,2.15021122276233,"Informació d'interès","infofira@firabarcelona.com"
"Farmàcia Franquesa Grau",41.4351514901614,2.18977289249324,"Informació d'interès","https://www.farmaguia.net/desktop/"
"Centre Cívic Cotxeres de Sants",41.3752984880247,2.13689769355558,"Informació d'interès","cotxeres-casinet@secretariat.cat"
"EINA - Escola de Disseny i Art",41.402879863022,2.11433380575223,"Informació d'interès","info@eina.cat"
"Museu Olímpic i de l'Esport Joan Antoni Samaranch de Barcelona",41.3662809250761,2.15709413647075,"Informació d'interès","info@fbolimpica.es"
"Parc de la Primavera",41.3704639611605,2.16583371616562,"Informació d'interès","https://link.bcn.cat/cPdlP"
"Centre Comercial Diagonal Mar",41.4104574439831,2.21642275994097,"Informació d'interès","info@diagonalmarcentre.com"
"Sant Andreu Teatre",41.4306142740516,2.18892121409743,"Informació d'interès","sat@santandreuteatre.net"
"Parc de la Font del Racó",41.4160939360173,2.13083974576949,"Informació d'interès","https://link.bcn.cat/cPdlFdR"
"Oasi MAC",41.3818824074137,2.15364689927238,"Variables","https://www.bcn.cat/cultura/merce/M23-Planol-ConsellCent.pdf"
"Centre Cultural Teresa Pàmies",41.3868953514753,2.15204971238573,"Telèfons","934536480"
"Centre Cívic Sarrià",41.3939061996762,2.12118725733369,"Informació d'interès","ccsarria@qsl.cat"
"Font Pública",41.4002220950189,2.15613122970432,"Variables","1844"
"Biblioteca Barceloneta -  La Fraternitat",41.3792326288759,2.18887164026245,"Informació d'interès","b.barcelona.b@diba.cat"
"Portal Casa Miralles",41.3921133709817,2.12749843743344,"",""
"Associació Sants Establiments Units",41.3760709555809,2.1368387628914,"Informació d'interès","carrerdesants@carrerdesants.cat"
"Bar Marsella",41.3782782040133,2.17122360530803,"Telèfons","934427263"
"Centre Comercial Westfield Glòries",41.4049757486342,2.19252135527396,"Informació d'interès","https://es.westfield.com/glories"
"Escola Business Engineering School - la Salle",41.4089099379235,2.13113705869962,"Informació d'interès","info@salle.url.edu"
"Estadi Olímpic de Montjuïc Lluís Companys",41.3647450839918,2.15568139486758,"Informació d'interès","http://www.estadiolimpic.cat"
"Jardins de Portolà",41.4108190469809,2.14255769920195,"Informació d'interès","https://link.bcn.cat/cJdP"
"Reial Club de Polo de Barcelona",41.3812847629387,2.11445003491925,"Informació d'interès","info@rcpolo.com"
"Residència Militar d'Estudiants Mateo Calabro",41.392973329738,2.12510287048567,"",""
"Facultat de Dret - UB",41.3872397187147,2.12109725001105,"Informació d'interès","sec.dret@ub.edu"
"Monestir de Sant Pau del Camp",41.3765007633576,2.16931450249219,"Telèfons","934410001"
"Bar musical La Torre Rosa",41.4227116116851,2.18050402297005,"Informació d'interès","http://www.torrerosa.com"
"Parròquia de Maria Reina",41.3926959956013,2.11148613040911,"Responsables","Jaume González-Agápito i Granell"
"Palau Robert - Centre d'Informació de Catalunya",41.3961322167103,2.15953198004719,"Informació d'interès","ot.barcelona@gencat.cat"
"Jardins Mossèn Cinto Verdaguer",41.3688505653485,2.1630513619867,"Informació d'interès","https://link.bcn.cat/cJdMCV"
"El Born Centre de Cultura i Memòria",41.3856730041308,2.18358560444333,"Informació d'interès","infoelbornccm@bcn.cat"
"Casa Thomas",41.3965759607714,2.16561254298249,"",""
"Associació de Comerciants i Professionals Barnavasi",41.4054557317905,2.14763869530909,"Informació d'interès","info@barnavasi.com"
"Jardins",41.3865770289631,2.16403049732852,"Informació d'interès","http://goo.gl/Z3L4hJ"
"Las Golondrinas - Sirenas SA",41.3746514376551,2.17811530219389,"Informació d'interès","lasgolondrinas@lasgolondrinas.com"
"Parròquia de Santa Maria del Remei",41.386892522387,2.13209889153534,"Informació d'interès","santamaria211@arqbcn.org"
"Parròquia de Maria Auxiliadora",41.3949386055351,2.12782757090596,"Informació d'interès","rector@mariaauxiliadora.org"
"Casa Llopis Bofill",41.3976779279414,2.16947949783373,"",""
"Parc de les Aigües",41.4135770846432,2.16548102329219,"Informació d'interès","https://link.bcn.cat/cEpdlA"
"Parc de la Guineueta",41.4390497375151,2.17448887447069,"Informació d'interès","https://link.bcn.cat/cPdlG"
"Restaurant Can Travi Nou",41.4313972656891,2.1504329909906,"Informació d'interès","cantravinou@gruptravi.com"
"Parc de la Ciutadella",41.3863365754466,2.18538177897079,"Informació d'interès","https://link.bcn.cat/cPdlC"
"Jardins de Ramon Margalef i López",41.3660935184686,2.15296547366152,"Informació d'interès","https://link.bcn.cat/cJddM"
"Parc del Castell de l'Oreneta",41.3994021842432,2.11219977755935,"Informació d'interès","https://link.bcn.cat/cPdCdl"
"Cafeteria Restaurant Cafè de l'Òpera",41.3809133538001,2.17378214373288,"Informació d'interès","http://cafeoperabcn.com"
"Centre Cívic La Sedeta",41.4055765120122,2.16768759179747,"Informació d'interès","ccsedeta@bcn.cat"
"Parròquia de l'Immaculat Cor de Maria",41.4059511483579,2.16659397134956,"Informació d'interès","immaculatcor5@arqbcn.org"
"Museu d'Arqueologia de Catalunya",41.3701854132451,2.15766402003284,"Informació d'interès","macvisites.acdpc@gencat.cat"
"Parròquia de Santa Maria del Pi - Basílica",41.3823393083136,2.17379425556996,"Informació d'interès","info@basilicadelpi.cat"
"Monestir de Santa Maria de Valldonzella",41.4118768826956,2.13100895906978,"Informació d'interès","monestir@valldonzella.cat"
"Parròquia de Sant Genís dels Agudells",41.4279821366587,2.13659829861525,"Informació d'interès","santgenis93@arqbcn.org"
"Barcelona - Casa Vídua Marfà",41.3931117617106,2.16429899269814,"",""
"Plaça Masadas",41.4247861043839,2.19017700347126,"",""
"Masia de Can Baró",41.4165620913362,2.16209381077134,"",""
"Pla de Montbau",41.4306814963669,2.1427060165366,"",""
"L'avinguda del Tibidabo",41.4105347458556,2.1370219362887,"",""
"El Passeig de Gràcia",41.3939688991806,2.16318315718838,"Variables","https://www.bcn.cat/cultura/merce/M24%20-%20Planols%20-%20PASSEIG%20DE%20GRACIA.pdf"
"El Passeig de les Aigües",41.4141793736998,2.11901989703343,"",""
"Associació Sant Martí Eix Comercial",41.4202596685408,2.19981669792227,"Informació d'interès","info@santmartieix.com"
"Fàbrica de Creació La Escocesa",41.4112753299701,2.20384402680475,"Informació d'interès","info@laescocesa.org"
"Seu de l'Antiga Hidroelèctrica de Catalunya",41.3919261830582,2.18286358854523,"",""
"La plaça del Monestir",41.3964418607579,2.1129074520593,"",""
"La Porta Est de la Finca Güell",41.385559157342,2.12232750229093,"Variables","Antoni Gaudí i Cornet"
"La Plaça del Comerç",41.4352221507887,2.18987747436849,"",""
"La Vil·la Hèlius (Casa Grané)",41.3954628549982,2.10754131840896,"Variables","Manuel Joaquim Raspall i Mayol"
"L'Antic Institut Frenopàtic",41.3843320840262,2.12633116283563,"",""
"L'Àrea Olímpica de la Diagonal",41.3802641815543,2.11441893855959,"",""
"Museu de Cera de Barcelona",41.3771306070917,2.17746064455433,"Informació d'interès","info@museocerabcn.com"
"Edifici Puiggròs",41.3996654310519,2.1592603871634,"",""
"Xemeneia de l'antiga Fábrica ""La Porcelana""",41.3730269153328,2.14452605066345,"",""
"La plaça del Raspall",41.4013142620134,2.16070129648216,"",""
"Associació d'Emprenedors del Clot - Eix Clot",41.4164386981113,2.18149292740136,"Informació d'interès","info@eixclot.cat"
"Museu",41.3915535126538,2.16377545881964,"Informació d'interès","https://museutapies.org/"
"Casa Fàbrica Güell-Ramis",41.3795853523901,2.17826525233664,"",""
"Casa Parés",41.3872658323001,2.17840101046802,"",""
"Casa Garriga Nogués",41.3889231001481,2.16525483299553,"Variables","Enric Sagnier i Villavecchia"
"Jardins del Teatre Grec",41.3701435320893,2.15862112851966,"Informació d'interès","https://link.bcn.cat/cEjdTG"
"Jardins de la Tamarita",41.4109050420774,2.13533081201043,"Informació d'interès","https://link.bcn.cat/cEjdlT"
"Port Olímpic de Barcelona",41.3877223806331,2.19928206100583,"Informació d'interès","portolimpic@bsmsa.cat"
"Cansaladeria Puig",41.4319653776345,2.18923165309105,"Informació d'interès","info@cansaladeriapuig.com"
"L'antic Putxet. Els carrers Manacor, Cadis i Putxet",41.4041312464898,2.14222561543134,"",""
"Jardins Creu de Pedralbes",41.3943318527855,2.11157673475024,"",""
"La plaça Molina",41.401283332496,2.14673398362158,"",""
"Casa Carreras",41.3940484333434,2.10898710094161,"",""
"Seu del Districte de Sants-Montjuïc",41.3754087791269,2.14227439231601,"Informació d'interès","http://ajuntament.barcelona.cat/sants-montjuic/ca/"
"Casa Serra",41.3956274787058,2.15753442979863,"",""
"Institut Vila de Gràcia",41.3986014146248,2.15536811567757,"Informació d'interès","insviladegracia@insviladegracia.cat"
"Pavelló de la República",41.4308454828897,2.151482356409,"",""
"Font Hércules",41.4022208485936,2.16633483038684,"",""
"Torre del Fang",41.4165005469573,2.19194804761121,"",""
"Estació de França",41.3839053289972,2.18719725426863,"Informació d'interès","http://www.rodaliesdecatalunya.cat"
"Associació Sarrià Eix Comercial",41.3984020107324,2.1227635462172,"Informació d'interès","acs@eixsarria.com"
"Dipòsit del Rei Martí",41.4088621374449,2.12716865773856,"",""
"El barri de la Clota",41.4266494819068,2.1509858239587,"",""
"Casa Almirall",41.3823892139935,2.16592929560736,"",""
"Plaça de les Dones del 36",41.4045422083147,2.15365475983871,"",""
"Centre Cívic El Coll - La Bruguera",41.4186065047741,2.14991532083374,"Informació d'interès","ccelcoll@ccelcoll.org"
"Centre Esportiu Municipal Putxet",41.4097280389679,2.14129588777928,"Informació d'interès","info@putxetsport.cat"
"Escola la Farigola de Vallcarca",41.4138319736047,2.14668096858076,"Informació d'interès","a8002198@xtec.cat"
"Edifici de la Fàbrica Moritz - Espai Gastronòmic i Cultural",41.3825311213216,2.16343595449727,"Informació d'interès","info@moritz.com"
"Museu d'Art Contemporani de Barcelona",41.3831774156411,2.16784852899158,"Informació d'interès","comunicacio@macba.cat"
"IL3 Institut de Formació Contínua - Universitat de Barcelona",41.4027779494635,2.19214900447994,"Informació d'interès","info.il3@ub.edu"
"Hospital de la Santa Creu i Sant Pau",41.4154410839599,2.17395986835557,"Informació d'interès","atenciousuari@santpau.cat"
"Funicular Vallvidrera - FGC",41.4142284643741,2.10594625120209,"Informació d'interès","http://www.fgc.cat/xarxa-fgc/autobusos-funiculars-teleferic"
"Funicular Tibidabo - Cuca de Llum",41.4163105021069,2.13141168435624,"Informació d'interès","http://www.tibidabo.cat"
"Tramvia Blau Tibidabo-TMB",41.4105346831692,2.13702198497694,"Informació d'interès","http://www.tmb.cat/ca/tramvia-blau"
"Centre Cívic Guinardó",41.4160768758899,2.17336103332938,"Informació d'interès","informacio@ccguinardo.cat"
"Institut Français de Barcelone",41.3952834861281,2.15179562487583,"Informació d'interès","info.barcelona@institutfrancais.es"
"Casa Company",41.3931208007161,2.14818932306794,"",""
"Biblioteca Jaume Fuster",41.4074909693971,2.1497752025513,"Informació d'interès","b.barcelona.jf@diba.cat"
"Museu del Perfum - Fundació Planas Giralt",41.3915074041881,2.16524546747354,"Informació d'interès","museu@museudelperfum.com"
"Reial Club Nàutic de Barcelona",41.3772387242921,2.18302643473186,"Informació d'interès","info@rcnb.com"
"Centre de Convencions Internacional de Barcelona",41.4089515981679,2.21883732398745,"Informació d'interès","ccib@ccib.es"
"Santuari de Santa Eulàlia de Vilapicina",41.4307235823043,2.17291585253469,"Informació d'interès","info@santuarisantaeulalia.cat"
"Casa Terradas - Casa de les Punxes",41.3978945538838,2.16385796817251,"Informació d'interès","info@lespunxes.com"
"Casa Museu Gaudí",41.414812321254,2.15506433423004,"Informació d'interès","https://parkguell.barcelona/ca/compra-entrades"
"Club Tennis La Salut",41.4123404211129,2.15819198579813,"Informació d'interès","ctlasalut@ctlasalut.com"
"Eix Comercial del Raval",41.3788367071619,2.17389247479509,"Informació d'interès","info@eixraval.com"
"Platja de la Mar Bella",41.3985792446733,2.21232769809317,"Informació d'interès","http://barcelona.cat/ca/que-pots-fer-a-bcn/banys-i-platges/platja-de-la-mar-bella"
"Cementiri Sant Andreu",41.4374121393124,2.17903016182134,"Informació d'interès","cbsa@cbsa.cat"
"Fundació Orfeó Gracienc",41.4047341392882,2.15642312077188,"Informació d'interès","info@orfeogracienc.org"
"Parròquia de Sant Joan de Gràcia",41.4053371060684,2.15671227260225,"Informació d'interès","info@santjoandegracia.cat"
"Colmado Murria",41.3948010868698,2.16651103582555,"Informació d'interès","http://colmadomurria.com"
"El Parc del Fòrum",41.4110668213897,2.2217148764638,"Informació d'interès","parcdelforum@bsmsa.cat"
"Mercat Santa Caterina",41.3863948816449,2.17817711211897,"Informació d'interès","https://www.facebook.com/MercatSantaCaterinaBcn/"
"Club Natació Barcelona",41.371273232702,2.18784972447897,"Informació d'interès","cnb@cnb.cat"
"Parròquia de Sant Josep Manyanet",41.4290035985431,2.19142318676995,"Informació d'interès","jcalvet7@gmail.com"
"Parròquia de la Mare de Déu del Coll",41.4201320636162,2.15131941717966,"Informació d'interès","mdcoll21@arqbcn.cat"
"Centre Cívic Sant Andreu",41.4308801838035,2.18941243863765,"Informació d'interès","infoccsa@bcn.cat"
"Platja de la Nova Mar Bella",41.4011446176269,2.21424938542711,"Informació d'interès","http://barcelona.cat/ca/que-pots-fer-a-bcn/banys-i-platges/platja-de-la-nova-mar-bella"
"Parròquia de la Mare de Déu de Lourdes",41.3730976212758,2.15601101229441,"Informació d'interès","lurdespoblesec@gmail.com"
"Museu",41.3682922618212,2.16014929254764,"Informació d'interès","info@fmirobcn.org"
"Escola Superior de Disseny i d'Art Llotja",41.4026021980634,2.13613047469094,"Informació d'interès","ea-llotja@xtec.cat"
"Parc de Montjuïc",41.3633251193404,2.15751616167892,"Informació d'interès","https://www.barcelona.cat/ca/que-pots-fer-a-bcn/parc-montjuic"
"Jardins de Magalí",41.3849133652838,2.13353264623678,"",""
"Monument Arc de Triomf de Barcelona",41.391080863415,2.180703905152,"Variables","1888"
"Torre Bellesguard  Gaudí - Casa Figueres",41.4091653884094,2.12683267046579,"Informació d'interès","reserva@bellesguardgaudi.com"
"Filmoteca de Catalunya",41.3786336982489,2.17102697367413,"Informació d'interès","filmoteca.cultura@gencat.cat"
"Edifici Talaia Barcelona",41.3908406598219,2.1394911073808,"",""
"L'Hort del Cànem",41.3991395847281,2.20078331668638,"",""
"Centre Esportiu Municipal Can Caralleu",41.4009869937435,2.1105047906383,"Informació d'interès","cancaralleu@cancaralleu.cat"
"Centre Cívic Casa Golferichs",41.3808491471351,2.15640749482153,"Informació d'interès","golferichs@golferichs.org"
"Reial Acadèmia de Ciències i Arts de Barcelona",41.3841759271674,2.17074086401955,"Informació d'interès","secretaria@racab.com"
"Fundació Universitaria Agustí Pedro Pons",41.4066096098967,2.11418382970131,"Informació d'interès","fpedropons@ub.edu"
"Parròquia de Sant Pacià",41.4316681363125,2.18758740217343,"Informació d'interès","santpacia154@arqbcn.org"
"Parc de l'Espanya Industrial",41.3765356482233,2.13987400632237,"Informació d'interès","https://link.bcn.cat/cPdlI"
"Residència Assistencial per a Gent Gran Refugi d'Obreres",41.4083029731499,2.14821121399788,"Informació d'interès","info.refugi@refugidobreres.cat"
"MUHBA Museu d'Història de Barcelona - Casa de l'Aigua",41.4546386423967,2.18972909693242,"Informació d'interès","informaciomuhba@bcn.cat"
"Associació Rambla de Catalunya",41.3907743357767,2.16358959957443,"Informació d'interès","ramblacatalunya1995@gmail.com"
"Restaurant Casa Tejada",41.3950526914734,2.1421082890928,"Telèfons","937821236"
"Jardins",41.4359290498989,2.14093125426753,"Informació d'interès","http://goo.gl/9z5Iv2"
"Mercat Clot",41.4076169424193,2.18864437236502,"Informació d'interès","https://www.facebook.com/mercatdelclot/"
"Mercat Poblenou - Unió",41.4010217484823,2.20542919639915,"Informació d'interès","https://www.facebook.com/mercatpoblenou"
"Fàbrica de Creació Nau Ivanow",41.4199791609378,2.18996519645413,"Informació d'interès","info@nauivanow.com"
"Escola d'Aprenents SEAT",41.3544334078217,2.14292901213074,"Informació d'interès","a8032427@xtec.cat"
"Escola Mossèn Jacint Verdaguer",41.3733207088457,2.15482435089115,"Informació d'interès","a8001649@xtec.cat"
"Jardins dels Drets Humans",41.3610265626819,2.13670881881506,"Informació d'interès","https://link.bcn.cat/cJdDH"
"BAU, Centre Universitari d'Arts i Disseny de Barcelona",41.3977263556573,2.19564144947124,"Informació d'interès","info@bau.cat"
"Casa Lleó Morera",41.3913111364989,2.16549186589899,"Informació d'interès","info@casalleomorera.com"
"Centre Cívic Casa Orlandai",41.3983599977031,2.12467203187066,"Informació d'interès","info@casaorlandai.cat"
"Museu Nacional d'Art de Catalunya",41.368885103834,2.15338122789942,"Informació d'interès","info@museunacional.cat"
"Palau de la Virreina",41.3825297390777,2.17172639881881,"Informació d'interès","lavirreinaci@bcn.cat"
"Ateneu  Sant Andreu",41.4324898639079,2.18530303145884,"Informació d'interès","secretaria@ateneusantandreu.org"
"Parc de Diagonal Mar",41.4084903113714,2.21223195152355,"Informació d'interès","https://link.bcn.cat/cPdDM"
"Impremta Baltasar",41.4321130428107,2.18940655640806,"Telèfons","933 469 206"
"Parròquia de la Mare de Déu de la Mercè i Sant Miquel Arcàngel - Basílica",41.3794251798862,2.17958025490652,"Informació d'interès","mdmerce30@arqbcn.org"
"Club Natació Atlètic - Barceloneta",41.3734443342363,2.18868474971938,"Informació d'interès","cnab@cnab.cat"
"Museu Palmero Arte",41.4252047837623,2.14017998903957,"Informació d'interès","palmero.arte@gmail.com"
"Escola Lluís Vives",41.3718629004559,2.12808517797336,"Informació d'interès","a8002010@xtec.cat"
"Centre Educatiu Impulsem",41.3766802589152,2.17105124090022,"Informació d'interès","impulsem@impulsem.org"
"Ca n'Andalet",41.4272118915253,2.15367876081379,"Informació d'interès","barcelonactiva@barcelonactiva.es"
"La vila de Gràcia",41.405031103391,2.15751956429727,"Informació d'interès","http://lameva.barcelona.cat/gracia/ca/home/el-barri-de-la-vila-de-gracia"
"Federació de Comerciants de Barna Centre",41.3833774282977,2.17717162762183,"Informació d'interès","bc@barnacentre.com"
"Ca l'Aranyó",41.4041874561277,2.1929166509683,"Informació d'interès","info@idec.upf.edu"
"Can Fontanet - Centre d'Interpretació dels Tres Tombs de Sant Andreu",41.4337939743542,2.19083262848273,"Informació d'interès","info@canfontanet.cat"
"Hotel d'Entitats de Can Guardiola",41.4299594840632,2.18855338239154,"Informació d'interès","obs-satandreu.benestar@gencat.net"
"Ateneu d'Innovació Digital i Democràtica - Canòdrom",41.4272866451839,2.18411984805552,"Informació d'interès","hola@canodrom.barcelona"
"Sants i Hostafrancs",41.3753978210839,2.14261938709999,"Informació d'interès","http://lameva.barcelona.cat/sants-montjuic/ca/home/coneix-els-barris"
"La Vila Olímpica",41.3893796656858,2.19726788513656,"Informació d'interès","http://lameva.barcelona.cat/santmarti/ca/home/el-barri-de-la-vila-olimpica-del-poblenou"
"El Fòrum",41.4110668213897,2.2217148764638,"Informació d'interès","http://lameva.barcelona.cat/santmarti/ca/home/el-barri-de-diagonal-mar-i-el-front-maritim-del-poblenou"
"La plaça d'Orfila",41.4362444685999,2.1909591589264,"",""
"Elisava Escola Universitaria de Disseny i Enginyeria de Barcelona",41.3784895963699,2.17606454127046,"Informació d'interès","elisava@elisava.net"
"Poble Espanyol de Barcelona",41.3691480997675,2.14674308094935,"Informació d'interès","info@poble-espanyol.com"
"Casal Sant Jordi",41.3894457676064,2.17133378654777,"",""
"Casa Amatller",41.391612972963,2.16511289068721,"Informació d'interès","http://www.amatller.org"
"Farmàcia de Bolós Giralt",41.391666216249,2.16242479125787,"Informació d'interès","https://www.farmaguia.net/desktop/"
"Institut Químic de Sarrià - Campus Sarrià - IQS",41.4037959115273,2.11946054577426,"Informació d'interès","secretaria@iqs.edu"
"Jardins Plaça de Can Fabra",41.434925914294,2.19173885834208,"Informació d'interès","https://link.bcn.cat/cJdlpdCF"
"Alberg In-Out - AJ000427",41.4220637237985,2.10181273665369,"Informació d'interès","info@inouthostel.com"
"Centre Educatiu CETT",41.4348506125467,2.14815557548078,"Informació d'interès","cett@cett.es"
"Zona de Banys",41.4110668213897,2.2217148764638,"Informació d'interès","https://book.timify.com/services?accountId=648c2d9b5f01dd79c87cfd0d&hideCloseButton=true"
"El camp de la Creu",41.3887635239803,2.1401802818853,"",""
"Ca l'Estruc- Convent de les Germanes de l'Assumpció",41.4355395163499,2.18801992027303,"",""
"Botiga Casa Rusca",41.4316218674324,2.18928710497735,"Telèfons","933120955"
"La Mina Grott",41.4152944474222,2.09754548973204,"",""
"Cooperativa La Guardiola Familiar",41.4305670657395,2.19182897329784,"",""
"Can Pardal",41.4028587979617,2.1561857760316,"",""
"Edifici d'habitatges Gran de Gràcia 74*76",41.4000871996298,2.15538480117461,"",""
"Casa Cama i Escurra",41.3982823043842,2.15708819520445,"",""
"Casa Claudi Alsina",41.4069674928256,2.15089088278279,"",""
"Casa Eudald Obradors",41.4105792331712,2.1458839653211,"",""
"Casa Gaspar Galí",41.4026520800117,2.15584956854613,"",""
"Eix Comercial del Poblenou",41.402619669139,2.19989959011579,"Informació d'interès","http://www.facebook.com/eixcomercialpoblenou/"
"Carrer de les Monges",41.4306896561236,2.18794310625012,"",""
"Carrer Gran de Sant Andreu",41.4361254325593,2.1898796475568,"",""
"Foment Republicà de Sants. Antic Ateneu Batllori",41.3748900845571,2.13806123599892,"",""
"Acàdemia Blancafort - Antiga Editorial Seguí",41.3987816239074,2.1609062506181,"Variables","Andreu Audet i Puig"
"Carrer Campo Florido",41.4213811568598,2.18248495775346,"",""
"Carrer Coroleu",41.4329829834463,2.18719054350371,"",""
"Carrer Grau",41.4387916405351,2.18766935249748,"",""
"Carrer Manigua",41.4236765465751,2.17973968759187,"",""
"Carrer Matanzas",41.4227520309288,2.18218670841687,"",""
"Menjadors populars del carrer Gran Sant Andreu (Guerra Civil)",41.4327222720558,2.1893973971197,"",""
"Unió de Botiguers del Cor d'Horta",41.4302988346914,2.16223231196277,"Informació d'interès","contacte@corhorta.com"
"Cases Blanques",41.4314880916563,2.14082083787243,"",""
"Refugi Antiaeri de Can Peguera",41.4341121119442,2.16533452711424,"",""
"Casa Víctor Conill",41.3978028724017,2.15735203455808,"Variables","Josep Goday Casals"
"Cases Leandre Vidal",41.4008694941528,2.16010997577029,"",""
"La Casa de l'Aigua",41.4529654522461,2.18803680413022,"Informació d'interès","casadelaiguadt8@bcn.cat"
"El Raval",41.3784325982385,2.17017596980507,"Informació d'interès","http://lameva.barcelona.cat/ciutatvella/ca/home/el-barri-del-raval"
"Sant Antoni",41.3797514735752,2.16151041998755,"",""
"La plaça d'Espanya",41.3739746376244,2.14871080149085,"",""
"El Poble-sec",41.3740270608463,2.16385022634341,"Informació d'interès","http://lameva.barcelona.cat/sants-montjuic/ca/home/el-barri-del-poble-sec"
"Les Corts",41.3866905152673,2.13194633370696,"Informació d'interès","http://lameva.barcelona.cat/lescorts/ca/home/el-barri-de-les-corts"
"El passeig de Sant Joan",41.400538201607,2.16855653927962,"",""
"La plaça de la Vila de Gràcia",41.4003803027479,2.15752527689547,"",""
"El Congrés i els Indians",41.4226742863318,2.18013251332118,"Informació d'interès","http://lameva.barcelona.cat/santandreu/ca/home/el-barri-del-congres-i-els-indians"
"Can Tusquets",41.4104399702781,2.1541954930675,"",""
"Casa Agustí Trulla",41.4007348516473,2.15299458606253,"",""
"Casa Castellet",41.4032250166338,2.15911947972876,"",""
"Casa Concepció i Casa Comelles",41.403249208075,2.1542086675875,"",""
"Casa Cortina",41.4102220482308,2.14606270494447,"",""
"Casa Enric Cera",41.4046749006287,2.1573773724992,"Variables","Enric Sagnier Villavecchia"
"Casa Girona i Cuyàs",41.3981997813256,2.15759896717037,"",""
"Casa Joan Matas",41.3993991954534,2.15895544630503,"Variables","Domènec Boada i Piera"
"Casa José de Ugarte",41.4079080574319,2.15237306088214,"",""
"Casa Madurell",41.4027521989352,2.15961239519812,"",""
"Casa Vilabella",41.4041689023572,2.15550524734986,"Variables","Lluís de Miquel i Roca"
"Edifici Modernista Francisco Giner 47",41.3997815824862,2.15839687100386,"",""
"Edifici d'Habitatges Gran de Gràcia 138",41.4016993735061,2.15347691204137,"",""
"Espai Bombers Parc de la Prevenció de Barcelona",41.3736959537543,2.15456617720879,"Informació d'interès","espaibombers@bcn.cat"
"Ermita de la Mare de Déu de la Salut",41.4115499547491,2.15710983691872,"",""
"Fàbrica Artés",41.3996059970396,2.16227552651738,"",""
"La plaça de Gal·la Placídia",41.3986062185536,2.15294256750793,"",""
"La plaça de John Lennon",41.4028605012563,2.16153427167758,"",""
"La plaça de Nicolás Salmerón",41.3980120929275,2.15748071460156,"",""
"Educa +",41.4125239889362,2.17957036470796,"Informació d'interès","comercial@educames.eu"
"Museu del Modernisme de Barcelona",41.3889073963627,2.16340268136239,"Informació d'interès","mmcat@mmcat.cat"
"Mercat Núria",41.4599520292054,2.17263674687683,"Informació d'interès","https://ajuntament.barcelona.cat/mercats/ca/content/mercat-de-nuria-0"
"Pavelló de Ràdio Barcelona al Parc d'Atraccions del Tibidabo",41.4241049050608,2.11931422508457,"Variables","Nicolau M. Rubió i Tudurí"
"Torre d'Ignacio Portabella",41.4128116982756,2.13498121363085,"",""
"El Jardí Vertical",41.3851279659503,2.1417446236093,"",""
"Casa Hurtado",41.3924214916788,2.11632547019372,"",""
"La Gran Via de Carles III",41.3835976114875,2.12805667407089,"",""
"Drogueria Rovira (Antiga Drogueria Galvany)",41.3969498397512,2.14476287679332,"Informació d'interès","correo@drogueriarovira.com"
"Viaducte de Vallcarca",41.4118180003918,2.14326974242925,"Variables","Antoni Vila Palmés"
"Fossar de les Moreres",41.3836538657109,2.18241516317245,"",""
"Centre Cívic Can Deu",41.3867940077415,2.13252164653946,"Informació d'interès","candeu@lleuresport.cat"
"Mural de la Memòria de Baró de Viver",41.4478129864912,2.19842262015843,"",""
"La plaça de la Concòrdia",41.3865396362416,2.132091361235,"",""
"La Porta Sud de la Finca Güell",41.384912355918,2.11890061120223,"Variables","Antoni Gaudí i Cornet"
"La Plaça dels Indians",41.4234548364512,2.18253599149084,"",""
"Pla de la Seu",41.3842539296772,2.17586738295957,"",""
"El carrer de Bonavista",41.3977329136672,2.15870993056986,"",""
"El Vapor Nou",41.4018344318798,2.16069411266166,"",""
"Kasa de la Muntanya (KM)",41.4104399702781,2.1541954930675,"",""
"Àntiga Fàbrica de Làmpades Z",41.3609832663991,2.13786617580589,"",""
"La Lleialtat Santsenca",41.3729176508858,2.13669817907462,"Informació d'interès","info@lleialtat.cat"
"Casa Josep Barnoles - La del Mico i el Gos",41.4116517136051,2.16039676485786,"",""
"La rambla del Prat",41.4018619863958,2.15276992587506,"",""
"Masoveria de la Virreina",41.4041866916227,2.158206816184,"",""
"La plaça del Poble Romaní",41.4018344318798,2.16069411266166,"",""
"Mooby Bosque Multicines",41.4013972107422,2.15172186897612,"Informació d'interès","https://www.moobycinemas.com/bosque"
"La Plaça de Catalunya",41.3860450750672,2.16941821544966,"Variables","https://www.bcn.cat/cultura/merce/M24%20-%20Planols%20-%20PLACA%20DE%20CATALUNYA.pdf"
"Turó Park - Parc del Poeta Eduard Marquina",41.3941052362318,2.14191589246579,"Informació d'interès","https://link.bcn.cat/cETP"
"Parc de Cervantes",41.3845685287316,2.10943940464936,"Informació d'interès","https://link.bcn.cat/cEPdC"
"Casa Comas d' Argemir",41.4107909301786,2.14586530318527,"Variables","Josep Vilaseca i Casanovas"
"Plaça de la Virreina",41.4051030324985,2.15743907677967,"",""
"Plaça del Nord",41.4069740245532,2.15544452831588,"",""
"El pont de Mühlberg",41.4185621229342,2.16179928391962,"",""
"Can Carreras",41.4366309360886,2.1658537499805,"",""
"El passatge de l'Esperança",41.4290968721316,2.17694240523926,"",""
"Casa de la Lactància",41.3801315544722,2.15545493574165,"",""
"L'Anella Olímpica",41.3661731636569,2.15258394823419,"",""
"La Zona Universitària",41.3861460220518,2.11676035588289,"",""
"El Campus Nord, Ciutat Universitària",41.3871675361174,2.11282439538995,"Informació d'interès","http://www.upc.edu"
"Edifici MediaTIC",41.4026799326601,2.19446660956283,"Informació d'interès","https://www.barcelonactiva.cat/-/cibernarium-22-/3.2?redirect=%2Fequipaments"
"MUHBA Museu d'Història de Barcelona - Vil·la Joana",41.4195432976719,2.09995049934655,"Informació d'interès","informaciomuhba@bcn.cat"
"Sant Joan de Dalt",41.4021647075628,2.16641095152607,"",""
"Palau Reial de Pedralbes",41.3865493743482,2.11843529891926,"Telèfons","-"
"Col·legi de Censors Jurats de Comptes de Catalunya",41.3904102033986,2.11279079824562,"Informació d'interès","col.legi@auditors-censors.com"
"Centre Estudis Ignasi Iglesias",41.4335392970506,2.18811203915961,"Informació d'interès","ceii.santandreu@gmail.com"
"Gerència Urbanística Port Vell de l'Autoritat Portuària de Barcelona",41.3779248160298,2.1782341227997,"Informació d'interès","info@portvellbcn.com"
"Edifici de La Model",41.383466537216,2.14538459981299,"Informació d'interès","http://lamodel.barcelona"
"Centre Moral i Instructiu de Gràcia",41.4011467607569,2.15478663207236,"Informació d'interès","elcentre@elcentregracia.cat"
"Parròquia de la Verge de Gràcia i Sant Josep",41.4065945273656,2.14894191336536,"Informació d'interès","parroquia@josepets.org"
"Museu Picasso",41.3851876492722,2.180853795205,"Informació d'interès","museupicasso@bcn.cat"
"Parc de Sant Martí",41.4198965058467,2.19805176947721,"Informació d'interès","https://link.bcn.cat/cPdSM"
"Escultura Mistos",41.4308454564882,2.1514824405315,"",""
"Escola Massana Centre Municipal d'Art i Disseny",41.3809539836577,2.17080533381762,"Informació d'interès","informacio@escolamassana.cat"
"Avinguda de la Catedral",41.3845471122247,2.17527607345424,"Variables","https://www.bcn.cat/cultura/merce/M24%20-%20Planols%20-%20AVINGUDA%20CATEDRAL.pdf"
"Avinguda Maria Cristina",41.3730325765684,2.15101485969548,"Variables","https://www.bcn.cat/cultura/merce/M24%20-%20Planols%20-%20AVINGUDA%20MARIA%20CRISTINA.pdf"
"Carrer Martí  i Franqués",41.3850637227005,2.11790212406704,"",""
"Associació Nou Barris Centre Comerç",41.4413356017443,2.17621386757916,"Informació d'interès","info@eixnoubarris.com"
"Mercat Guineueta",41.4386525477162,2.17024567275862,"Informació d'interès","https://www.facebook.com/MercatdelaGuineueta"
"Camp Municipal de Futbol Narcís Sala",41.4288969223883,2.19309448314997,"Informació d'interès","info@uesantandreu.cat"
"Jardins de Can Sentmenat",41.4026202835971,2.11510229272184,"Informació d'interès","https://link.bcn.cat/cEjdCS"
"Parròquia de Santa Maria de Gràcia",41.3983371912532,2.15796470216257,"Informació d'interès","santamaria203@arqbcn.cat"
"Universitat Oberta de Catalunya",41.4064936300507,2.19444957141162,"Informació d'interès","https://www.uoc.edu/portal/ca/universitat/contacte-seus/index.html"
"Mercat Encants Barcelona - Fira de Bellcaire",41.4010635487756,2.18566924595655,"Informació d'interès","https://www.facebook.com/EncantsBarcelona"
"Cementiri Les Corts",41.3831685313312,2.12168356080631,"Informació d'interès","cbsa@cbsa.cat"
"Cementiri Sarrià",41.401007141442,2.12760811628937,"Informació d'interès","cbsa@cbsa.cat"
"Cementiri Poblenou",41.3945932962918,2.20115681175503,"Informació d'interès","http://www.cbsa.cat"
"Centre Excursionista Els Blaus",41.3981732741466,2.12361772129592,"Informació d'interès","secretaria@elsblaus.cat"
"Escultura Pi i Margall-La República",41.4382240609956,2.17405466178401,"",""
"Residència Assistida per a Gent Gran Llars Mundet",41.4357554140969,2.1471581698318,"Informació d'interès","gs.residencial@diba.cat"
"Observatori Fabra",41.4187719034105,2.12364526247032,"Informació d'interès","secretaria@racab.com"
"Casa Vilaró",41.4113662366159,2.15143362995955,"",""
"Jardins de Joan Maragall - Palauet Albéniz",41.3671333000304,2.15651146106707,"Informació d'interès","https://link.bcn.cat/cEjdJM"
"Antic Dispensari Antituberculós",41.3843359521677,2.16517398134185,"",""
"Parc Esportiu de Can Dragó",41.4365930694048,2.18315700574288,"Informació d'interès","https://link.bcn.cat/cPdCD"
"Jardins de Joan Brossa",41.3686709213547,2.16501285040695,"Informació d'interès","https://link.bcn.cat/cEjdJB"
"Plaça del Rei",41.3839915360699,2.17731220830846,"Variables","600"
"Centre de Reunions i Convencions UAB Casa Convalescència",41.413791747477,2.17691023235259,"Informació d'interès","casaconvalescencia@uab.cat"
"Universitat Politècnica de Catalunya",41.3889419870853,2.11653783985951,"Informació d'interès","https://www.upc.edu/ca"
"Ateneu Popular de Sants",41.3765085633092,2.1388908758746,"Telèfons","934318408"
"Centre Comercial El Centre de la Vila",41.390927422197,2.19786867949063,"Informació d'interès","administracion@olympicmoll.com"
"Moll de la Fusta *Escenari Besòs",41.3790365678879,2.18183296057175,"Informació d'interès","info@portvellbcn.com"
"Moll de la Fusta *Escenari Llobregat",41.3790365678879,2.18183296057175,"Informació d'interès","info@portvellbcn.com"
"Fundació Barcelona Media - Centre d'Innovació",41.4044250802099,2.19366942393537,"Informació d'interès","innovacio@barcelonamedia.org"
"Associació Catalana per la Integració i el Desenvolupament Humà",41.4019668974565,2.16113294877962,"Informació d'interès","acidh@acidh.org"
"Palau de la Música Catalana",41.387363102913,2.17517541354173,"Informació d'interès","taquilles@palaumusica.cat"
"Església de Nostra Senyora de Pompeia",41.3964635549973,2.15815341236115,"Telèfons","934160963"
"Biblioteca Collserola - Josep Miracle",41.4153897431401,2.10254683375138,"Informació d'interès","b.barcelona.co@diba.cat"
"Centre Cívic Vallvidrera Vázquez Montalbán",41.4153910645132,2.1025453318361,"Informació d'interès","ccvazquezmontalban@ccvazquezmontalban.com"
"Masia Ca l'Armera",41.4256279524556,2.18321545892603,"",""
"Parc de Can Sabaté",41.3643744904929,2.13774955531852,"Informació d'interès","https://link.bcn.cat/cPdCS"
"Centre Cívic Tomasa Cuevas - Les Corts",41.3848186813068,2.12834167898705,"Informació d'interès","cclescorts@bcn.cat"
"Facultat de Ciències de la Salut Blanquerna - URL",41.4097865052036,2.17211847214073,"Informació d'interès","infosalut@blanquerna.edu"
"Centre d'Educació Ambiental La Fàbrica del Sol",41.383031580266,2.19128019638455,"Informació d'interès","lafabricadelsol@bcn.cat"
"Conservatori Municipal de Música de Barcelona",41.3959003079876,2.16803712080781,"Informació d'interès","conservatori@cmmb.cat"
"Cementiri Sant Genís",41.4279821366587,2.13659829861525,"Telèfons","934170515"
"Biblioteca Montserrat Abelló",41.3837313302764,2.13530584543504,"Informació d'interès","b.barcelona.mab@diba.cat"
"Museu de la Xocolata",41.3874192240234,2.18172596752279,"Informació d'interès","museu@pastisseria.cat"
"Forn de Pa Roura Vila",41.3974414247233,2.14426943697564,"Telèfons","932091769"
"Parc de la Creueta del Coll",41.4192642624114,2.14625205699141,"Informació d'interès","https://link.bcn.cat/cPdlCdC"
"Castell de Montjuïc",41.3644642119571,2.16712414517842,"Informació d'interès","castell@bcn.cat"
"Casa Martí - Els Quatre Gats",41.38603997055,2.17351780811327,"",""
"Museu de Ciències Naturals de Barcelona",41.4108113308203,2.22049944965322,"Informació d'interès","museuciencies@bcn.cat"
"Escola Superior de Música de Catalunya",41.3987724249348,2.18515912810096,"Informació d'interès","info@esmuc.cat"
"Torre Montjuïc Calatrava",41.3647866050414,2.15165654514606,"Informació d'interès","inmobiliario.cat@telefonica.com"
"Parròquia de Sant Vicenç de Sarrià",41.3994817283485,2.12111140383914,"Informació d'interès","santvicenc@parroquiasarria.net"
"Ateneu Barcelonès",41.3846802049171,2.1716645677645,"Informació d'interès","info@ateneubcn.cat"
"Hospital Evangèlic",41.4013442625132,2.1943465696874,"Informació d'interès","info@nouhospitalevangelic.com"
"Farmàcia Reixach-de Pablo",41.4356182955201,2.18963595161055,"Informació d'interès","https://www.farmaguia.net/desktop/"
"Park Güell",41.4135092487224,2.15312719638766,"Informació d'interès","parkguell@bsmsa.cat"
"Parc del Laberint d'Horta",41.4379570487644,2.14756130879475,"Informació d'interès","https://link.bcn.cat/cPdLd"
"Parc del Guinardó",41.4194894367885,2.16961389716629,"Informació d'interès","https://link.bcn.cat/cEPdG"
"Parc del Turó de la Peira",41.4334622334362,2.16344712420076,"Informació d'interès","https://link.bcn.cat/cPdTdlP"
"Fàbrica de Creació Graner",41.3615237972963,2.13597501977913,"Informació d'interès","info@granerbcn.cat"
"Santa Creu d'Olorda",41.4159813720103,2.05900734814709,"Informació d'interès","cpc@parcollserola.net"
"Can Fabra",41.4348705987231,2.1906074605801,"Variables","No"
"Associació de Comerciants i Veïns de Creu Coberta",41.3760204058562,2.14315387946252,"Informació d'interès","info@creucoberta.com"
"World Trade Center",41.3710906411399,2.1823636757954,"Informació d'interès","https://www.wtcbarcelona.com/ca/"
"Jardins de Vil·la Amèlia",41.3939061996762,2.12118725733369,"Informació d'interès","https://link.bcn.cat/cJdlVA"
"Universitat de Barcelona",41.3865770835239,2.16403056839121,"Informació d'interès","https://web.ub.edu/inici"
"Casa Vicens",41.4035372452986,2.15058698156113,"Informació d'interès","info@casavicens.org"
"Palau Güell",41.379087185159,2.17443955771312,"Informació d'interès","palauguell@diba.cat"
"Tinta Invisible Edicions",41.3820675489832,2.16507843765547,"Informació d'interès","info@gravat.com"
"Casa Marsans - Alberg Mare de Déu de Montserrat - AJ000084",41.4161894968322,2.14686630713938,"Informació d'interès","reserves.xanascat@gencat.cat"
"Parc Sanitari Pere Virgili",41.4149550821585,2.14026590662751,"Informació d'interès","pvirgili@perevirgili.catsalut.net"
"Hospital del Mar",41.3834336098144,2.19468362199412,"Informació d'interès","hospitaldelmar@parcdesalutmar.cat"
"Temple Expiatori de la Sagrada Família - Basílica",41.4039531306303,2.17392585987408,"Informació d'interès","informacio@sagradafamilia.org"
"Centre Educatiu Santa Teresa - Ganduxer",41.3999289398488,2.13356860115022,"Informació d'interès","infosecretaria@ganduxer.escolateresiana.com"
"Platja de la Barceloneta",41.3786143560019,2.1922222424172,"Informació d'interès","http://www.barcelona.cat/ca/que-pots-fer-a-bcn/banys-i-platges/platja-de-la-barceloneta"
"Restaurant Casa Trampa",41.4131978175419,2.10451627753467,"Informació d'interès","info@restaurantecasatrampa.com"
"Associació Xarxa de Consum Solidari",41.3878462008092,2.18069475190071,"Informació d'interès","info@xarxaconsum.org"
"Club Natació Catalunya",41.4153826053849,2.15817177844117,"Informació d'interès","cnc@cncatalunya.cat"
"Torre Jussana - Centre de Serveis a les Associacions",41.4296919002759,2.15131477992075,"Informació d'interès","tjussana@bcn.cat"
"Estació Barcelona-Sants de RENFE",41.3795569679039,2.14081798564389,"Informació d'interès","http://www.rodaliesdecatalunya.cat"
"Centre Cívic Can Felipa",41.403679758607,2.20050971216533,"Informació d'interès","info@cccanfelipa.cat"
"Quarter Bruc",41.3873079499932,2.11066668804215,"Telèfons","932044200"
"Edifici Gas Natural",41.3831934252422,2.19015439001923,"Variables","Enric Miralles i Benedetta Tagliabue"
"Oratori de Sant Felip Neri *Gràcia",41.4020015364277,2.15568842317236,"Informació d'interès","ferrancolaspeiro@hotmail.com"
"Farmàcia Guinart Gómez de Arteche",41.4370920171753,2.18973464583348,"Informació d'interès","https://www.farmaguia.net/desktop/"
"Parc del Poblenou",41.3972797181907,2.2074706041841,"Informació d'interès","https://link.bcn.cat/cPdP"
"Parc de la Pegaso",41.4268880485338,2.19073928640706,"Informació d'interès","https://link.bcn.cat/cPdLP"
"Palau Sant Jordi",41.3620001141372,2.15239620219297,"Informació d'interès","https://palausantjordi.barcelona/"
"Palau de Congressos *Pavelló 5",41.3724148326061,2.15188895461046,"Informació d'interès","infofira@firabarcelona.com"
"Casa Bonaventura Ferrer",41.3969763997711,2.15847959391625,"Variables","Pere Falqués"
"Centre d'Arts Santa Mònica",41.377258824735,2.17561499473691,"Informació d'interès","coordinacioasm@magmacultura.net"
"Parc del Mirador del Poble-sec",41.3719206897977,2.17018266058723,"Informació d'interès","https://link.bcn.cat/cPdMdP"
"Parròquia de Santa Madrona",41.3741976792283,2.16469348362628,"Informació d'interès","jocami36@hotmail.com"
"Jardins de les Tres Xemeneies",41.3744832702957,2.17243002524243,"Informació d'interès","https://link.bcn.cat/cEjdlTX"
"Parc de la Font Florida",41.3686345142228,2.14105045396157,"Informació d'interès","https://link.bcn.cat/cPdlFF"
"Parc de Joan Miró",41.3772682954746,2.14934065456195,"Informació d'interès","https://link.bcn.cat/cPdJM"
"Torre de les Aigües del Besòs",41.4054509204423,2.21256093619896,"Informació d'interès","http://www.torredelesaigues.cat"
"Club Esportiu Mediterrani *Instal·lació Josep Vallès",41.3733599989622,2.13046470341888,"Informació d'interès","http://clubesportiumediterrani.com"
"Col·legi d'Arquitectes de Catalunya",41.3844777686613,2.17505934300102,"Informació d'interès","coac@coac.cat"
"Teatre Nacional de Catalunya",41.3997176395885,2.18610525667038,"Informació d'interès","info@tnc.cat"
"Parc de la Barceloneta",41.3820550168728,2.19383841691841,"Informació d'interès","https://link.bcn.cat/cPdlB"
"Museu Frederic Marès",41.3842054973474,2.17695685162379,"Informació d'interès","museumares@bcn.cat"
"Casa dels Ossos",41.3946587578917,2.15298386859046,"",""
"La plaça de les Glòries Catalanes",41.4025918998074,2.18733195275548,"Variables","Andreu Arriola"
"Centre Cívic Can Castelló",41.3990405155938,2.14017953271697,"Informació d'interès","infocancastello@gmail.com"
"Restaurant Can Cortada",41.4376333694413,2.15280539399184,"Informació d'interès","cancortada@gruptravi.com"
"Jardins del Rector Oliveras",41.3947975239975,2.16783564446262,"Telèfons","010"
"Jardins del Turó del Putxet",41.407747349306,2.14251772588094,"Informació d'interès","https://link.bcn.cat/cEpdTdP"
"Parc de Monterols",41.4016130547978,2.1397735122452,"Informació d'interès","https://link.bcn.cat/cPdM2"
"Parc Carmel",41.4151667621598,2.15526926860768,"Informació d'interès","http://www.bcn.cat/mediambient"
"Residència Salesiana Martí Codolar",41.4284435437526,2.15087284579639,"Informació d'interès","reservas@marti-codolar.net"
"Escullera del Port de Barcelona",41.3576877479369,2.17938388151531,"",""
"Masia Can Rosés",41.3882749681637,2.1348326553077,"Variables","1716"
"Casa Llorenç Camprubí",41.3893493846678,2.17085567043606,"Variables","1900"
"Forn Sarret",41.3947784162477,2.17105207357544,"Informació d'interès","https://rutadelsemblematics.cat/barcelona-forn-sarret.html"
"Casa Dolors Calm",41.3908639694124,2.16407191120696,"",""
"Molí de Sant Andreu - Rec Comtal",41.4430658938174,2.19402180057119,"",""
"Casa Juncosa",41.3923609536186,2.16201966607862,"Variables","Salvador Viñals Sabaté"
"Cases Pascual i Pons",41.3883850840569,2.17015068160933,"Variables","Enric Sagnier i Villavecchia"
"El passatge de Mallofré",41.3985398951291,2.1219274312322,"",""
"El Quadrat d'Or",41.391769112278,2.16639436740567,"",""
"El 22@",41.4019678255337,2.19544266983722,"",""
"L'Estació de La Sagrera",41.4219240734695,2.18737805719091,"Informació d'interès","http://www.barcelonasagrera.com/"
"La Muralla Romana",41.3843361033635,2.17758270257958,"Informació d'interès","http://www.barcelonaturisme.com/wv3/ca/page/479/.html"
"Conjunt de Sant Martí de Provençals",41.420904173877,2.19664373422094,"",""
"Centre de Cultura Contemporània de Barcelona",41.3839145022656,2.16681291041633,"Informació d'interès","info@cccb.org"
"Servei d'Esports de la Universitat de Barcelona",41.3809196533162,2.10483106771324,"Informació d'interès","esports@ub.edu"
"Casa de les Altures",41.4127978012824,2.16648115555775,"",""
"Passeig Lluis Companys - Arc de Triomf",41.3902938351221,2.18068665122421,"Variables","No"
"Casa Granell *Girona",41.3973009911492,2.16808130606017,"Variables","Jeroni F. Granell i Manresa"
"Casa Casas-Carbó",41.3954810698039,2.1613599645166,"Variables","Antoni Rovira i Rabassa"
"Casa Antoni Costa",41.3951626314723,2.15817039068309,"Variables","Josep Domènech i Estapà"
"Jardí Botànic de Barcelona",41.3626854953228,2.15684683315689,"Informació d'interès","museuciencies@bcn.cat"
"Jardins del Palau Robert",41.3961316076675,2.15953894139365,"Informació d'interès","https://link.bcn.cat/cJdPR"
"Monument a Josep Tarradellas",41.386548699111,2.1430658537744,"",""
"La plaça de Sant Vicenç",41.3972239249116,2.12408178502486,"",""
"Plaça de Rovira i Trias",41.4074680375521,2.15860804116996,"",""
"Plaça de la Revolució",41.4028307289495,2.15825872325931,"",""
"Camisseria Bonet",41.3807996412522,2.17388338268431,"",""
"Casa Doctor Genové",41.3814251408911,2.17282344020798,"",""
"Antiga Foneria de Canons",41.3769296026506,2.17704067127169,"",""
"Carrer de la Riereta",41.3792608480536,2.16698441433656,"",""
"Casa -Fàbrica Vermell-Martí",41.3882604557891,2.17417922542381,"",""
"El Vapor  - Fàbrica Bonaplata",41.3849461400093,2.16676304713771,"",""
"Església Antic Institut Mental",41.4369935601513,2.16915540984882,"",""
"Can Trilla",41.4035492642072,2.15192929493497,"",""
"Casa Elisa Bremon d'Espina",41.3996469146605,2.15560155927965,"Variables","Jeroni Ferran Granell i Manresa"
"Casa Eloy Detouche",41.4066983837885,2.16476312511361,"Variables","Josep Masdeu Puigdemasa"
"Casa F. Homet",41.4036864783356,2.15247998048493,"Variables","Salvador Puiggròs i Figueras"
"Casa Feliu Iglesies",41.4021783664082,2.15277539875087,"",""
"Casa Gustà",41.4104160863963,2.16006311645455,"Variables","Jaume Gustà i Bondia"
"Carrer Cienfuegos",41.4240875055328,2.18341752692758,"",""
"Carrer Pinar del Rio",41.4222590217396,2.18210059428483,"",""
"Seu de la Secció 10 de les Patrulles de Control (Guerra Civil)",41.4291125231619,2.19036384484912,"",""
"Masia Can Fargas",41.427603614808,2.16446731711889,"",""
"Casa Domènech i Estapà",41.3922868146653,2.16256664017353,"Variables","Josep Domènech i Estapà"
"Església del Reial Santuari de Sant Josep de la Muntanya",41.4104399702781,2.1541954930675,"Informació d'interès","josep.muntanya@planalfa.es"
"El Polvorí i Cos de Guàrdia",41.3646460470629,2.1428603946608,"Variables","1733"
"Edifici d'habitatges Gran de Gràcia 67",41.3998990333425,2.15530481457486,"Variables","Enric Matas Ramis"
"Casa Francesc Cama",41.4002826938431,2.15485703221577,"",""
"Antiga Fàbrica d'Estampació Tèxtil Can Ricart",41.4092263238382,2.19817162883884,"Variables","Josep Oriol Bernadet"
"Religioses de la Mare de Déu de la Mercè",41.4059093343946,2.13751745548694,"Telèfons","934178078"
"Cereria Subirà",41.383811486953,2.17804453769537,"Informació d'interès","https://cereriasubira.cat/es/botiga-inici/"
"Associació de Comerciants del Carrer Gran de Gràcia",41.4003276952613,2.15506116613149,"Informació d'interès","eixgrandegracia@gmail.com"
"Centre Comercial L'Illa Diagonal",41.3897455997047,2.13539596063064,"Informació d'interès","info@lilla.com"
"Els Edificis Trade",41.3861752161763,2.12795302244714,"Informació d'interès","edificiostrade@edificiostrade.com"
"Jardins Mestre Balcells",41.407655413732,2.15412689316291,"Telèfons","010"
"Universitat Nacional d'Educació a Distància *Barcelona",41.4364657200984,2.18045523527223,"Informació d'interès","info@barcelona.uned.es"
"Far del Port - Torre del Rellotge",41.3758307185709,2.18699709929385,"",""
"Palau de Congressos de Catalunya",41.3835127468086,2.10968312575943,"Informació d'interès","pcc.sales@melia.com"
"Parc del Centre del Poblenou",41.4067935669504,2.19975737364351,"Informació d'interès","https://link.bcn.cat/cPdCdP"
"Esplai Tr3smon",41.3598021106686,2.14174395338473,"Informació d'interès","etresmon@gmail.com"
"Pavelló Mies van der Rohe",41.3708421603271,2.14977611382339,"Informació d'interès","pavello@miesbcn.com"
"Passatge de Sant Felip",41.4033831915892,2.14710472445437,"",""
"Clínica Sant Jordi",41.4367586543979,2.19307789571727,"Informació d'interès","http://www.clinicasantjordi.com"
"Refugi antiaeri 292 carrer Piquer del Poble-sec",41.373543267483,2.16831512853668,"Informació d'interès","https://ajuntament.barcelona.cat/arqueologiabarcelona/el-refugi-antiaeri-292-del-carrer-de-piquer/"
"Casa Faiol - Casa de la Papallona",41.3766369759842,2.15029895345736,"",""
"Casal de Barri Font d'en Fargues",41.4243334315305,2.16524810902057,"Informació d'interès","info@casalfontdenfargues.cat"
"Teatre Grec",41.3681238441301,2.15848287553121,"Informació d'interès","http://barcelona.cat/grec/ca/espai/teatre-grec"
"Centre Cívic Casinet d'Hostafrancs",41.3778580740567,2.14322151817568,"Informació d'interès","cotxeres-casinet@secretariat.cat"
"Palau de Mar",41.3808386412199,2.18587368149961,"",""
"La Plaça de Sant Jaume",41.3825421318286,2.17717356835013,"Informació d'interès","http://www.barcelonaturisme.com/wv3/ca/page/1245/.html"
"Premsa de Vi de Can Xandri",41.4382258564715,2.18534782401551,"",""
"Torre de la Catalana de Gas",41.382059679127,2.19383988806606,"Variables","1906"
"Hotel Peninsular - HB-003154",41.3796257875493,2.17251131813235,"Informació d'interès","info@hotelpeninsularbarcelona.com"
"Associació Cultural El Raval El Lokal",41.3794510629626,2.16709459254018,"Informació d'interès","ellokal@ellokal.org"
"Col·legi Oficial de Metges de Barcelona",41.404236241777,2.12934145486799,"Informació d'interès","col.metge@comb.es"
"Pastisseria Escribà *La Rambla",41.3815623577108,2.17270408109416,"Informació d'interès","rambla@escriba.es"
"Espai Jove La Fontana",41.4032559105363,2.1523241627536,"Informació d'interès","espaijove@lafontana.org"
"L'Auditori de Barcelona",41.3987724249348,2.18515912810096,"Informació d'interès","info@auditori.cat"
"Font Màgica - Fonts de Montjuïc *Aturada degut a la situació d'alerta per sequera",41.3711500451282,2.15176391137822,"Informació d'interès","http://barcelona.cat/fontmagica"
"Pis - Museu Habitatge 1/11",41.4409755544772,2.19035266240439,"Informació d'interès","museudeldisseny@bcn.cat"
"Parc de les Cascades",41.3863126080229,2.1950946466205,"Informació d'interès","https://link.bcn.cat/cPdlC2"
"Jardins de Vil·la Cecília",41.3937495720311,2.12196383047054,"Informació d'interès","https://link.bcn.cat/cJdlVC"
"El Campus Ciutadella",41.3900292946159,2.19087208586109,"Informació d'interès","info@idec.upf.edu"
"El Campus Mundet - UB",41.4357554140969,2.1471581698318,"Informació d'interès","http://www.ub.edu/campusmundet/"
"La llera del riu Besòs",41.4546496199665,2.19091883861416,"Informació d'interès","ot.acciot@diba.cat"
"Museu Barça Immersive Tour",41.3806763885254,2.12035443998618,"Informació d'interès","oab@fcbarcelona.cat"
"CosmoCaixa Barcelona",41.413298272789,2.13067627625503,"Informació d'interès","icosmocaixa@magmacultura.com"
"Casa Sant Felip Neri",41.3957213606474,2.13090387012305,"Informació d'interès","info@casaespiritualitat.barcelona"
"Casal de Barri Pou de la Figuera",41.3881988176184,2.17865660673348,"Informació d'interès","casaldebarripoudelafiguera@gmail.com"
"Parc Torrent Maduixer",41.4157696917074,2.13539099986068,"Informació d'interès","https://link.bcn.cat/cPTM"
"CaixaForum Barcelona",41.3713260148305,2.14959351263794,"Informació d'interès","icaixaforumbcn@magmacultura.com"
"Pont de Calatrava (Bac de Roda - Felip II)",41.4161663395807,2.19241025516779,"Variables","3260371"
"Plaça del Nen de la Rutlla",41.4188254176045,2.17159233685101,"",""
"Centre Cívic Pere Pruna",41.4032090446033,2.13132023534547,"Informació d'interès","ccperepruna@ccperepruna.cat"
"La Pedrera Romana",41.357168740447,2.14567153470904,"",""
"Torre de l'Aigua",41.4040532579656,2.15222916169237,"",""
"El barri Plus Ultra",41.3605948614045,2.14102627404691,"",""
"Antiga Biblioteca Pública de Sant Andreu de Palomar",41.4367997505114,2.19054893886159,"Variables","Joan Torras i Guardiola"
"L'Aqüeducte Palombarum",41.4382165544994,2.19318792515349,"",""
"Antic Monòlit Dedicat a la Legión Condor",41.3886307515517,2.1270867350202,"",""
"Sarrià",41.398258662471,2.1223212146455,"",""
"Parc de la Maquinista per les treballadores i els treballadors de la Maquinista",41.4364443532748,2.19553696565469,"Informació d'interès","https://link.bcn.cat/cPdlMdSA"
"Hotel España - HB-000073",41.3799817743628,2.17284761467893,"Informació d'interès","info@hotelespanya.com"
"Platja de l'Espigó del Gas",41.3813511907023,2.19521287162423,"Variables","https://www.bcn.cat/cultura/merce/M24%20-%20Planols%20-%20PLATJA%20DE%20ESPIGO%20DEL%20GAS.pdf"
"Casal Cívic i Comunitari Barcelona - Magòria",41.3698693411772,2.14126001076402,"Informació d'interès","cc.magoria@gencat.cat"
"Restaurant Bonanova",41.4062110093679,2.13503138452193,"Informació d'interès","info@restaurantebonanova.com"
"Bibiblioteca Rector Gabriel Ferraté",41.3879015189621,2.11467043349585,"Informació d'interès","biblioteca.ferrate@upc.edu"
"Casa - Fàbrica Erasme de Gònima",41.3801377615232,2.16673240354066,"",""
"Hospital  Sociosanitari Mutuam Güell",41.4114451547415,2.15672768317541,"Informació d'interès","cssguell@mutuam.com"
"Edifici Alhambra",41.4036171782364,2.13971530486377,"",""
"El Farró a través del carrer Saragossa",41.4008993271273,2.15086713571654,"",""
"La plaça de Sarrià",41.3998190176097,2.12202907401725,"Variables","No"
"La Torre d'Aigües de Josep Amargós",41.4229780878355,2.11894394844062,"Variables","Josep Amargós i Samaranch"
"Roca Barcelona Gallery",41.386645702423,2.12923065792945,"Informació d'interès","infosan@roca.net"
"Sala El Molino",41.3745859010983,2.1672710889065,"Informació d'interès","https://www.elmolinobarcelona.com/"
"MUHBA Museu d'Història de Barcelona  - Refugi 307",41.3710781596578,2.16622005830066,"Informació d'interès","informaciomuhba@bcn.cat"
"Villa Esperanza",41.413632469518,2.14637624103529,"Variables","Andreu Audet i Puig"
"Colònia Bausili",41.35303880849,2.14355204089829,"",""
"Carrer Avió Plus Ultra",41.4003330604568,2.12201965484745,"",""
"Bar Colòmbia",41.4300111013274,2.1895226462085,"Telèfons","932506812"
"Bar Mestres",41.399609906095,2.13106114607515,"Telèfons","934175833"
"Casa Manuel Colchero",41.411562301163,2.16023191591463,"",""
"Casa Miquel Cal Millàs",41.4031305099263,2.15756050452387,"Variables","Joan Marsant Solà"
"Casa Pere Jaqués",41.4128509426503,2.15237839338348,"",""
"Casa Ramos",41.4061899908628,2.14957578557709,"Variables","Jaume Torras i Grau"
"Cases Antoni Par",41.4056941388811,2.15062750184993,"Variables","Jeroni Ferran Granell i Manresa"
"Cases de menestrals",41.4007763426832,2.1604683027072,"",""
"Cases Folguera",41.4019307354931,2.15886078764702,"",""
"Edifici Modernista Avinguda República Argentina 28",41.4084916768067,2.14741698904989,"",""
"Cementiri Montjuïc",41.3543961412662,2.14901184579969,"Informació d'interès","cbsa@cbsa.cat"
"Funicular de Montjuïc-TMB",41.3747959928332,2.17032642050288,"Informació d'interès","http://www.tmb.cat/ca/detall-linia-metro/-/linia/FM"
"Velodrom Municipal d'Horta Miquel Poblet",41.4372375766377,2.14959464404353,"Informació d'interès","info@velodrom.cat"
"Centre Educatiu Thau",41.3876400551257,2.10528876791072,"Informació d'interès","thaubcn@fundaciocic.org"
"Pla de l'Os - La Rambla",41.3814018594573,2.17336323284133,"",""
"Parc Metropolità Collserola",41.4209858611214,2.09958792967355,"Informació d'interès","ci@parccollserola.net"
"Antiga Seu Editorial Gustavo Gili",41.3861065594706,2.14756566288604,"Variables","8401016451204"
"Vall d'Hebron Barcelona Hospital Campus",41.4280494337188,2.14344997973881,"Informació d'interès","http://www.vallhebron.com"
"Jardins Laribal",41.3681238441301,2.15848287553121,"Informació d'interès","https://link.bcn.cat/cEjdL"
"Centre Cívic Can Verdaguer",41.4341045988416,2.17920488871129,"Informació d'interès","info@canverdaguer.com"
"Sala Lliure de Gràcia",41.4027610498705,2.15603106403474,"Informació d'interès","teatrelliure@teatrelliure.com"
"Fabra i Coats - Fàbrica de Creació",41.4337939743542,2.19083262848273,"Informació d'interès","fabraicoats@bcn.cat"
"Centre Cívic Vil·la Florida",41.4053653389981,2.13530897246036,"Informació d'interès","ccvilaflorida@qsl.cat"
"Espai de Memòria de les Catorze Roses",41.3849926355875,2.10488762827913,"",""
"Pati Geològic",41.384370377255,2.11972167585514,"Informació d'interès","https://www.ub.edu/portal/web/ciencies-terra/pati-geologic"
"Mercat Llibertat",41.3997378488056,2.1537484882529,"Informació d'interès","https://www.youtube.com/mercatllibertat"
"Mercat Sant Antoni",41.37897269454,2.16239377159919,"Informació d'interès","https://www.facebook.com/mercatstantoni/"
"Mercat Abaceria Central",41.4031865286822,2.16417916425222,"Informació d'interès","https://www.facebook.com/ABACERIACENTRAL/"
"Mercat Sarrià",41.3998359320904,2.1207231796605,"Informació d'interès","https://www.instagram.com/mercat_de_sarria/"
"Mercat Concepció",41.3955681594777,2.16907164827184,"Informació d'interès","https://www.facebook.com/MercatConcepcio"
"Mercat Les Corts",41.3840780606304,2.12980486474004,"Informació d'interès","https://www.facebook.com/mercatdelescorts"
"Mercat Galvany",41.3966823914488,2.14367894336895,"Informació d'interès","https://www.instagram.com/mercatgalvany/"
"Mercat Sants",41.3747414403281,2.13375462841833,"Informació d'interès","https://www.facebook.com/mercatdesants"
"Mercat Boqueria - Sant Josep",41.382048894375,2.17227075910574,"Informació d'interès","https://www.facebook.com/La-Boqueria-Mercat-441483582549604/"
"Mercat Hostafrancs",41.3751623443983,2.14385394338084,"Informació d'interès","https://www.facebook.com/MercatDHostafrancs"
"Mercat Sant Andreu",41.4348931291373,2.18839349023329,"Informació d'interès","https://www.instagram.com/mercatdesantandreu/"
